chipUid;captureDate;captureAddressPostCode;captureAddressPostName;captureAddressThoroughfare;captureAddressLocatorDesignator;captureAddressLocatorBuilding;captureAddressDescription;captureLat;captureLon;animalSpecies;animalBreed;animalSex;animalColor;animalAge;animalFur;animalHeight;animalWeight;vaccinationsInfo;isSterilizationInfo;releasedDate;releasedAddressPostCode;releasedAddressPostName;releasedAddressThoroughfare;releasedAddressLocatorDesignator;releasedAddressLocatorBuilding;releasedAddressDescription;releasedLat;releasedLon;days_in_captivity;captureYear;captureMonth
2337;2024-08-01;76008;Івано-Франківськ;вул. Федьковича;88;;;;;собака;;Самиця;коричнева;2-3 роки;;;;;ІСТИНА;2024-02-13;76008;Івано-Франківськ;вул. Федьковича;;;;;;-170.0;2024.0;8.0
2332;2024-01-09;76018;Івано-Франківськ;вул. Мельника;;;;;;собака;;Самиця;чорна з підпалом;2-3 роки;;;;;ІСТИНА;2024-01-17;76018;Івано-Франківськ;вул.Мельника;;;;;;8.0;2024.0;1.0
2331;2024-01-09;76018;Івано-Франківськ;вул. Мельника;;;;;;собака;;Самець;сірий;3-6 років;;;;;ІСТИНА;2024-01-20;76018;Івано-Франківськ;вул.Мельника;;;;;;11.0;2024.0;1.0
2330;2024-01-09;77457;с.Радча;;;;;;;собака;;Самиця;біло-руда;3-6 років;;;;;ІСТИНА;2024-01-18;77457;с.Радча;;;;;;;9.0;2024.0;1.0
2333;2024-01-09;76494;Івано-Франківськ;вул.Юності;;;;;;собака;;Самиця;чорна;1 рік;;;;;ІСТИНА;2024-01-26;76494;Івано-Франківськ;вул.Юності;;;;;;17.0;2024.0;1.0
2335;2024-01-17;76000;Івано-Франківськ;вул.Вовчинецька;;;;;;собака;;Самиця;чорна з підпалом;2-3 роки;;;;;ІСТИНА;2024-01-28;76000;Івано-Франківськ;вул.Вовчинецька;;;;;;11.0;2024.0;1.0
2336;2023-01-19;77441;с. Підпечари;;;;;;;собака;;Самиця;трьохколірна;2-3 роки;;;;;ІСТИНА;2024-01-31;77441;с. Підпечари;;;;;;;377.0;2023.0;1.0
2337;2024-01-23;76492;с.Угорники;вул.Тополина ;;;;;;собака;;Самиця;чорна з тигровим молоком;2-3 роки;;;;;ІСТИНА;2024-01-28;76492;с.Угорники;;;;;;;5.0;2024.0;1.0
2339;2024-01-24;77460;с.Черніїв;;;;;;;собака;;Самиця;біло-руда;2-3 роки;;;;;ІСТИНА;2024-01-28;77460;с.Черніїв;;;;;;;4.0;2024.0;1.0
2379;2024-01-04;76014;Івано-Франківськ;вул. Коновальця;магазин Велмарт;;;;;собака;;Самиця;чорна з підпалом;1 рік;;;;;ІСТИНА;2024-01-15;76014;вул. Коновальця;;;;;;;11.0;2024.0;1.0
2334;2024-01-15;76492;с. Микитинці;;;;;;;собака;;Самиця;руда;2-3 роки;;;;;ІСТИНА;2024-01-28;76492;с. Микитинці;;;;;;;13.0;2024.0;1.0
2340;2023-01-22;77441;с. Підпечари;;;;;;;собака;;Самиця;трьохколірна;1 рік;;;;;ІСТИНА;2024-01-31;77441;с. Підпечари;;;;;;;374.0;2023.0;1.0
2341;2023-01-22;77441;с. Підпечари;;;;;;;собака;;Самиця;трьохколірна;1 рік;;;;;ІСТИНА;2024-01-31;77441;с. Підпечари;;;;;;;374.0;2023.0;1.0
2342;2024-02-06;76493;с.Крихівці;Калинова Слобода;;;;;;собака;;Самиця;чорна;2-3 роки;;;;;ІСТИНА;2024-06-02;76493;с.Крихівці;;;;;;;117.0;2024.0;2.0
2343;2024-02-05;76492;с.Угорники;;;;;;;собака;;Самець;чорний;2-3 роки;;;;;ІСТИНА;2024-02-04;76492;с.Угорники;;;;;;;-1.0;2024.0;2.0
2093;2023-02-01;76009;Івано-Франківськ;вул.Січеславської;;;;;;собака;;Самиця;темно-руда;3-6 років;;;;;ІСТИНА;;76009;Івано-Франківськ;вул.Січеславської;;;;;;;2023.0;2.0
2094;2024-02-01;76002;Івано-Франківськ;вул. Хриплинська;;;;;;собака;;Самиця;чорна з підпалом;1 рік;;;;;ІСТИНА;2024-02-08;76002;Івано-Франківськ;вул. Хриплинська;;;;;;7.0;2024.0;2.0
2095;2024-02-02;76002;Івано-Франківськ;вул. Хриплинська;;;;;;собака;;Самиця;чорна з підпалом;1 рік;;;;;ІСТИНА;2024-02-02;76002;Івано-Франківськ;вул. Хриплинська;;;;;;0.0;2024.0;2.0
2096;2024-02-03;76005;Івано-Франківськ;вул. Довженка;;;;;;собака;;Самиця;біла;1 рік;;;;;ІСТИНА;2024-02-08;76005;Івано-Франківськ;прилаштована;;;;;;5.0;2024.0;2.0
2097;2024-02-03;76492;Івано-Франківськ;вул.Сеченова;;;;;;собака;;Самиця;чорна з підпалом;2-3 роки;;;;;ІСТИНА;2024-02-08;76492;Івано-Франківськ;вул.Сеченова;;;;;;5.0;2024.0;2.0
2344;2024-02-01;76495;с.Хриплин;;;;;;;собака;;Самиця;двохколірна;2-3 роки;;;;;ІСТИНА;2024-02-05;76495;с. Хриплин;;;;;;;4.0;2024.0;2.0
2345;2024-02-04;76014;с.Опришівці;біля церкви;;;;;;собака;;Самиця;чорнокоричнева;2-3 роки;;;;;ІСТИНА;2024-02-09;76014;с.Опришівці;;;;;;;5.0;2024.0;2.0
2346;2024-02-05;77457;с. Радча;магазин Вікторія;;;;;;собака;;Самиця;трьохколірна;2-3 роки;;;;;ІСТИНА;2024-02-10;77457;с. Радча;магазин Вікторія;;;;;;5.0;2024.0;2.0
2347;2024-02-06;76006;Івано-Франківськ;вул.Миколайчука;17б;;;;;собака;;Самиця;чепрана;1 рік;;;;;ІСТИНА;2024-02-11;76006;Івано-Франківськ;вул.Миколайчука 17 б;;;;;;5.0;2024.0;2.0
2349;2024-02-08;76071;Івано-Франківськ;вул.Декабристів;;;;;;собака;;Самиця;біло-чорна;2-3 роки;;;;;ІСТИНА;2024-02-12;76071;Івано-Франківськ;вул.Декабристів;;;;;;4.0;2024.0;2.0
2352;2024-02-13;76006;Івано-Франківськ;вул.Симоненка;;;;;;собака;;Самиця;темно-руда;2-3 роки;;;;;ІСТИНА;2024-02-23;76006;Івано-Франківськ;вул.Симоненка;;;;;;10.0;2024.0;2.0
2354;2024-02-16;76494;Івано-Франківськ;вул. Юності;;;;;;собака;;Самиця;3-х колірна;3-6 років;;;;;ІСТИНА;2024-02-21;76494;Івано-Франківськ;вул.Юності;;;;;;5.0;2024.0;2.0
2356;2024-02-21;76010;Івано-Франківськ;вул.Кривоноса;;;;;;собака;;Самиця;чорна;2-3 роки;;;;;ІСТИНА;2024-02-21;76010;Івано-Франківськ;вул.Кривоноса;;;;;;0.0;2024.0;2.0
2357;2024-02-20;76014;Івано-Франківськ;вул. Василишина;;;;;;собака;;Самиця;трьохколірна;2-3 роки;;;;;ІСТИНА;2024-02-25;76014;Івано-Франківськ;вул. Василишина;;;;;;5.0;2024.0;2.0
2359;2024-02-22;76000;Івано-Франківськ;вул. Федьковича;;;;;;собака;;Самець;чорний з підпалом;3-6 років;;;;;ІСТИНА;2024-03-07;76000;Івано-Франківськ;райноІФТУНГ;;;;;;14.0;2024.0;2.0
2380;2024-03-04;76014;Івано-Франківськ;вул. Коновальця;;;;;;собака;;Самиця;чепрана;2-3 роки;;;;;ІСТИНА;2024-03-08;76014;Івано-Франківськ;вул. Коновальця;;;;;;4.0;2024.0;3.0
2384;2024-03-04;76006;Івано-Франківськ;вул.Максимовича;18;;;;;собака;;Самець;чорний з підпалом;3-6 років;;;;;ІСТИНА;2024-03-15;76006;Івано-Франківськ;прилаштована;;;;;;11.0;2024.0;3.0
2528;2024-03-12;76492;Івано-Франківськ;вул.Тополина ;6;;;;;собака;;Самиця;чорна;Невідомо;;;;;ІСТИНА;2024-09-12;76492;Івано-Франківськ;вул.Тополина ;;;;;;184.0;2024.0;3.0
2385;2024-03-19;76014;Івано-Франківськ;вул.Медична;;;;;;собака;;Самиця;світлоруда;2-3 роки;;;;;ІСТИНА;2024-03-22;76014;Івано-Франківськ;вул.Медична;;;;;;3.0;2024.0;3.0
2395;2024-03-25;76010;Івано-Франківськ;вул.Ленкавського;;;;;;собака;;Самець;чорний з підпалом;3-6 років;;;;;ІСТИНА;2024-03-25;76010;Івано-Франківськ;вул.Ленкавського;;;;;;0.0;2024.0;3.0
2365;2024-03-07;76018;Івано-Франківськ;вул. Мазепи ;район озера;;;;;собака;;Самиця;чорна з підпалом;6-8 років;;;;;ІСТИНА;2024-03-15;76018;Івано-Франківськ;вул. Мазепи ;;;;;;8.0;2024.0;3.0
2397;2024-04-08;76014;Івано-Франківськ;вул. Коновальця;;;;;;собака;;Самиця;чорна з підпалом;3-6 років;;;;;ІСТИНА;2024-04-12;76018;Івано-Франківськ;вул.Коновальця;;;;;;4.0;2024.0;4.0
2398;2024-04-08;76006;Івано-Франківськ;вул.Урожайна;;;;;;собака;;Самець;чорний;2-3 роки;;;;;ІСТИНА;2024-04-21;76006;Івано-Франківськ;вул.Коновальця;;;;;;13.0;2024.0;4.0
2403;2024-04-09;76018;Івано-Франківськ;вул. Мазепи ;;;;;;собака;;Самець;чорний;2-3 роки;;;;;ІСТИНА;2024-04-16;76018;Івано-Франківськ;вул. Мазепи ;;;;;;7.0;2024.0;4.0
2399;2024-04-09;76008;Івано-Франківськ;вул.Пасічна;;;;;;собака;;Самець;чорний з підпалом;3-6 років;;;;;ІСТИНА;2024-04-16;76008;Івано-Франківськ;вул.Пасічна;;;;;;7.0;2024.0;4.0
2401;2024-04-09;77457;с.Радча;;;;;;;собака;;Самиця;сіра;3-6 років;;;;;ІСТИНА;2024-04-16;77457;с.Радча;;;;;;;7.0;2024.0;4.0
2400;2024-04-09;77457;с.Радча;;;;;;;собака;;Самиця;сіра;3-6 років;;;;;ІСТИНА;2024-04-16;77457;прилаштована;;;;;;;7.0;2024.0;4.0
2404;2024-04-12;77458;с.Чукалівка;;;;;;;собака;;Самиця;чорна з підпалом;3-6 років;;;;;ІСТИНА;2024-04-16;77458;с.Чукалівка;;;;;;;4.0;2024.0;4.0
2405;2024-04-16;35646;с.Підлужжя;;;;;;;собака;;Самиця;чепрана;2-3 роки;;;;;ІСТИНА;2024-04-17;35646;с.Підлужжя;;;;;;;1.0;2024.0;4.0
2407;2024-04-21;76000;;вул. Вовчинецька;;;;;;собака;;Самиця;біла;3-6 років;;;;;ІСТИНА;;76000;;;;;;;;;2024.0;4.0
2407;2024-04-22;76009;Івано-Франківськ;вул.Івана Павла2;;;;;;собака;;Самець;коричневий;2-3 роки;;;;;ІСТИНА;2024-04-23;76009;Івано-Франківськ;вул.Івана Павла2;;;;;;1.0;2024.0;4.0
2408;2024-04-26;76494;Івано-Франківськ;вул. Юності;;;;;;собака;;Самиця;чорна з підпалом;6-8 років;;;;;ІСТИНА;2024-04-29;76494;Івано-Франківськ;вул. Юності;;;;;;3.0;2024.0;4.0
2409;2024-04-29;76000;Івано-Франківськ;вул. Витвицького;;;;;;собака;;Самиця;чорна з підпалом;2-3 роки;;;;;ІСТИНА;2024-05-03;76000;Івано-Франківськ;вул. Витвицького;;;;;;4.0;2024.0;4.0
2413;2024-02-10;76010;Івано-Франківськ;вул.Сотника Дідича;;;;;;собака;;Самиця;чорна;2-3 роки;;;;;ІСТИНА;2024-05-20;76010;Івано-Франківськ;вул.Сотника Дідича;;;;;;100.0;2024.0;2.0
2413;2024-05-10;76010;Івано-Франківськ;вул.Сотника Дідича;;;;;;собака;;Самиця;чорна;2-3 роки;;;;;ІСТИНА;2024-05-20;76010;Івано-Франківськ;вул.Сотника Дідича;;;;;;10.0;2024.0;5.0
2415;2024-05-10;76014;Івано-Франківськ;вул.Коновальця-Медична;;;;;;собака;;Самиця;чепрана;1 рік;;;;;ІСТИНА;2024-05-15;76014;Івано-Франківськ;вул.Коновальця-Медична;;;;;;5.0;2024.0;5.0
2419;2024-05-15;76008;Івано-Франківськ;вул.Целевича ;18а;;;;;собака;;Самиця;чорна з підпалом;3-6 років;;;;;ІСТИНА;2024-05-15;76008;Івано-Франківськ;вул.Целевича ;18а;;;;;0.0;2024.0;5.0
2420;2024-06-03;77423;с.Угрнинів;;;;;;;собака;;Самиця;коричнева;3-6 років;;;;;ІСТИНА;2024-06-03;77423;с.Угрнинів;;;;;;;0.0;2024.0;6.0
2421;2024-06-04;76018;Івано-Франківськ;вул. Новгородська;;;;;;собака;;Самиця;чорна;2-3 роки;;;;;ІСТИНА;2024-06-10;76018;Івано-Франківськ;вул. Новгородська;;;;;;6.0;2024.0;6.0
2424;2024-06-04;77460;с.Черніїв;дачі Діброва;;;;;;собака;;Самиця;чорна з підпалом;1 рік;;;;;ІСТИНА;2024-06-14;77460;с.Черніїв;дачі Діброва;;;;;;10.0;2024.0;6.0
2425;2024-06-04;77458;с.Чукалівка;міське кладовище;;;;;;собака;;Самиця;сіра;3-6 років;;;;;ІСТИНА;2024-06-14;77458;с.Чукалівка;міське кладовище;;;;;;10.0;2024.0;6.0
2427;2024-06-05;76000;Івано-Франківськ;вул.Олексишина;;;;;;собака;;Самиця;чорна з підпалом;2-3 роки;;;;;ІСТИНА;2024-06-14;76000;Івано-Франківськ;вул.Олексишина;;;;;;9.0;2024.0;6.0
2426;2024-06-05;76002;Івано-Франківськ;вул. Хриплинська;;;;;;собака;;Самиця;руда з білим;2-3 роки;;;;;ІСТИНА;2024-06-13;76002;Івано-Франківськ;вул. Хриплинська;;;;;;8.0;2024.0;6.0
2428;2024-06-07;76000;;вул. Вовчинецька ;225г;;;;;собака;;Самець;чорний з підпалом;2-3 роки;;;;;ІСТИНА;2024-06-12;76000;;вул. Вовчинецька ;225г;;;;;5.0;2024.0;6.0
2430;2024-06-12;77460;с.Черніїв;дачі Діброва;;;;;;собака;;Самиця;руда з білим;2-3 роки;;;;;ІСТИНА;2024-06-15;77460;с.Черніїв;дачі Діброва;;;;;;3.0;2024.0;6.0
2431;2024-06-11;76018;;вул.Страчених;;;;;;собака;;Самець;трьохколірний;2-3 роки;;;;;ІСТИНА;2024-06-15;76018;;вул.Страчених;;;;;;4.0;2024.0;6.0
2432;2024-06-15;76005;Івано-Франківськ;вул.Довженка;39;;;;;собака;;Самиця;руда з чорним;3-6 років;;;;;ІСТИНА;2024-06-17;76005;Івано-Франківськ;вул.Довженка;39;;;;;2.0;2024.0;6.0
2433;2024-06-13;76493;с.Крихівці;;;;;;;собака;;Самиця;біла;1 рік;;;;;ІСТИНА;2024-06-22;76493;с.Крихівці;;;;;;;9.0;2024.0;6.0
2434;2024-06-16;77400;м. Тисмениця;;;;;;;собака;;Самиця;руда з чорним;3-6 років;;;;;ІСТИНА;2024-06-24;77400;м. Тисмениця;;;;;;;8.0;2024.0;6.0
2435;2024-06-09;76493;с.Крихівці;військова частиина;;;;;;собака;;Самиця;руда;2-3 роки;;;;;ІСТИНА;2024-06-19;76493;с.Крихівці;військова частиина;;;;;;10.0;2024.0;6.0
2436;2024-06-19;76014;Івано-Франківськ;вул.Медична;;;;;;собака;;Самиця;чорна з білим ;3-6 років;;;;;ІСТИНА;2024-06-23;76014;Івано-Франківськ;вул.Медична;;;;;;4.0;2024.0;6.0
2437;2024-06-19;77457;с. Радча;;;;;;;собака;;Самиця;біла;2-3 роки;;;;;ІСТИНА;2024-06-23;77457;с. Радча;;;;;;;4.0;2024.0;6.0
2439;2024-06-22;76005;Івано-Франківськ;вул. Довженка;;;;;;собака;;Самиця;руда з чорним;1 рік;;;;;ІСТИНА;2024-06-24;76005;Івано-Франківськ;вул. Довженка;;;;;;2.0;2024.0;6.0
2440;2024-06-24;76018;Івано-Франківськ;вул. Галицька;;;;;;собака;;Самиця;чепрана;2-3 роки;;;;;ІСТИНА;2024-07-01;76018;Івано-Франківськ;вул. Галицька;;;;;;7.0;2024.0;6.0
2441;2024-06-24;76018;Івано-Франківськ;вул. Галицька;;;;;;собака;;Самиця;чорна з підпалом;1 рік;;;;;ІСТИНА;2024-07-01;76018;Івано-Франківськ;вул. Галицька;;;;;;7.0;2024.0;6.0
2442;2024-06-27;76014;Івано-Франківськ;вул. Коновальця;;;;;;собака;;Самиця;чорна з підпалом;2-3 роки;;;;;ІСТИНА;2024-07-02;76014;Івано-Франківськ;вул. Коновальця;;;;;;5.0;2024.0;6.0
2443;2024-06-27;35646;с.Підлужжя;дачі Нива;;;;;;собака;;Самиця;чорна з підпалом;2-3 роки;;;;;ІСТИНА;2024-06-28;35646;с.Підлужжя;дачі Нива;;;;;;1.0;2024.0;6.0
2444;2024-06-27;77457;с.Радча;;;;;;;собака;;Самиця;чорна з підпалом;2-3 роки;;;;;ІСТИНА;2024-07-01;77457;с.Радча;;;;;;;4.0;2024.0;6.0
2445;2024-06-27;77457;с.Радча;;;;;;;собака;;Самиця;світлоруда;2-3 роки;;;;;ІСТИНА;2024-07-02;77457;с.Радча;;;;;;;5.0;2024.0;6.0
2446;2024-07-02;76005;Івано-Франківськ;вул.Довженка;;;;;;собака;;Самиця;сіра;2-3 роки;;;;;ІСТИНА;2024-07-06;76005;Івано-Франківськ;вул.Довженка;;;;;;4.0;2024.0;7.0
2448;2024-07-02;76019;Івано-Франківськ;вул. Галицька;;;;;;собака;;Самиця;руда з білим;2-3 роки;;;;;ІСТИНА;2024-07-06;76019;Івано-Франківськ;вул. Галицька;;;;;;4.0;2024.0;7.0
2449;2024-07-10;76005;Івано-Франківськ;вул.Довженка;;;;;;собака;;Самиця;чорна з підпалом;1 рік;;;;;ІСТИНА;2024-07-22;76005;Івано-Франківськ;вул.Довженка;;;;;;12.0;2024.0;7.0
2450;2024-07-18;76491;с.Вовчинець;вул.Гайдея;;;;;;собака;;Самиця;білоруда;1 рік;;;;;ІСТИНА;2024-07-22;76491;с.Вовчинець;вул.Гайдея;;;;;;4.0;2024.0;7.0
2451;2024-07-17;76002;Івано-Франківськ;вул.Деповська;6а;;;;;собака;;Самиця;чорна з підпалом;1 рік;;;;;ІСТИНА;2024-07-25;76002;Івано-Франківськ;вул.Деповська;6а;;;;;8.0;2024.0;7.0
2452;2024-07-24;76008;Івано-Франківськ;вул.Тролейбусна;24;;;;;собака;;Самець;чорний з підпалом;2-3 роки;;;;;ІСТИНА;2024-07-27;76008;Івано-Франківськ;вул.Тролейбусна;24;;;;;3.0;2024.0;7.0
2453;2024-07-26;77441;с. Підпечари;вул.Тисминецька;206;;;;;собака;;Самиця;сіра;2-3 роки;;;;;ІСТИНА;2024-07-30;77441;с. Підпечари;вул.Тисминецька;206;;;;;4.0;2024.0;7.0
2454;2024-07-26;77441;с. Підпечари;вул.Тисминецька;206;;;;;собака;;Самиця;чорна;2-3 роки;;;;;ІСТИНА;2024-07-30;77441;с. Підпечари;вул.Тисминецька;206;;;;;4.0;2024.0;7.0
2455;2024-07-29;77434;с.Узин;;;;;;;собака;;Самиця;білоруда;2-3 роки;;;;;ІСТИНА;2024-08-04;77434;с.Узин;;;;;;;6.0;2024.0;7.0
2456;2024-08-02;76009;Івано-Франківськ;вул. Б. Хмельницького;;;;;;собака;;Самиця;сіра;3-6 років;;;;;ІСТИНА;2024-08-08;76009;Івано-Франківськ;вул. Б. Хмельницького;;;;;;6.0;2024.0;8.0
2457;2024-08-01;76009;Івано-Франківськ;вул. Б. Хмельницького;;;;;;собака;;Самиця;руда;3-6 років;;;;;ІСТИНА;2024-08-08;76009;Івано-Франківськ;вул. Б. Хмельницького;;;;;;7.0;2024.0;8.0
2458;2024-08-01;76018;Івано-Франківськ;вул. Чорновола ;;;;;;собака;;Самиця;біла з коричневим;2-3 роки;;;;;ІСТИНА;2024-08-07;76018;Івано-Франківськ;вул. Чорновола ;;;;;;6.0;2024.0;8.0
2459;2024-08-01;76018;Івано-Франківськ;вул. Чорновола ;;;;;;собака;;Самиця;біла з чорним;2-3 роки;;;;;ІСТИНА;2024-08-07;76018;Івано-Франківськ;вул. Чорновола ;;;;;;6.0;2024.0;8.0
2460;2024-08-02;77441;с. Підпечари;;;;;;;собака;;Самиця;чорна;3-6 років;;;;;ІСТИНА;2024-08-10;77441;с. Підпечари;;;;;;;8.0;2024.0;8.0
2461;2024-08-07;76492;с. Микитинці;вул. Тисминецька;;;;;;собака;;Самиця;біла;3-6 років;;;;;ІСТИНА;2024-08-15;76492;с. Микитинці;вул. Тисминецька;;;;;;8.0;2024.0;8.0
2462;2024-08-07;76014;Івано-Франківськ;ул. Коновальця;264б;;;;;собака;;Самиця;чорна;3-6 років;;;;;ІСТИНА;2024-08-11;76014;Івано-Франківськ;ул. Коновальця;264б;;;;;4.0;2024.0;8.0
2463;2024-08-08;76008;Івано-Франківськ;Калужське шосе;32а;;;;;собака;;Самиця;чорна;2-3 роки;;;;;ІСТИНА;;76008;Івано-Франківськ;Калужське шосе;32а;;;;;;2024.0;8.0
2464;2024-08-10;77441;с. Підпечари;вул.Тисминецька;20б;;;;;собака;;Самиця;біла;3-6 років;;;;;ІСТИНА;;77441;с. Підпечари;вул.Тисминецька;20б;;;;;;2024.0;8.0
2465;2024-08-10;77441;с. Підпечари;вул.Тисминецька;20б;;;;;собака;;Самиця;чорна;3-6 років;;;;;ІСТИНА;;77441;с. Підпечари;вул.Тисминецька;20б;;;;;;2024.0;8.0
2466;2024-08-12;76018;Івано-Франківськ;вул. Чорновола ;;;;;;собака;;Самиця;біла з чорним;3-6 років;;;;;ІСТИНА;;76018;Івано-Франківськ;вул. Чорновола ;;;;;;;2024.0;8.0
2467;2024-08-12;76018;Івано-Франківськ;вул. Чорновола ;;;;;;собака;;Самиця;руда;3-6 років;;;;;ІСТИНА;;76018;Івано-Франківськ;вул. Чорновола ;;;;;;;2024.0;8.0
2468;2024-08-15;76492;с. Микитинці;вул.Тисминецька;1;;;;;собака;;Самиця;біла з чорним;2-3 роки;;;;;ІСТИНА;;76492;с. Микитинці;вул.Тисминецька;1;;;;;;2024.0;8.0
4669;2024-08-15;76014;Івано-Франківськ;вул. Коновальця;коледж торгівлі;;;;;собака;;Самиця;чорна;2-3 роки;;;;;ІСТИНА;;76014;Івано-Франківськ;вул. Коновальця;коледж торгівлі;;;;;;2024.0;8.0
2470;2024-08-20;78432;Івано-Франківськ;вул.Пасічна;магазин Барбарис;;;;;собака;;Самиця;руда;2-3 роки;;;;;ІСТИНА;;78432;Івано-Франківськ;вул.Пасічна;магазин Барбарис;;;;;;2024.0;8.0
2471;2024-08-13;76009;Івано-Франківськ;вул. Б. Хмельницького;;;;;;собака;;Самиця;чепрана;2-3 роки;;;;;ІСТИНА;;76009;Івано-Франківськ;вул. Б. Хмельницького;;;;;;;2024.0;8.0
2472;2024-08-23;76491;с.Вовчинець;вул.Гайдея;;;;;;собака;;Самиця;руда;6-8 років;;;;;ІСТИНА;;76491;с.Вовчинець;вул.Гайдея;;;;;;;2024.0;8.0
2473;2024-08-23;76494;Івано-Франківськ;вул. Юності;АЗС;;;;;собака;;Самиця;чепрана;2-3 роки;;;;;ІСТИНА;;76494;Івано-Франківськ;вул. Юності;АЗС;;;;;;2024.0;8.0
2477;2024-08-20;76008;Івано-Франківськ;вул.Горбачевськог;50;;;;;собака;;Самиця;чорна з підпалом;2-3 роки;;;;;ІСТИНА;2024-09-11;77424;с.Павлівка;пункт перетримки;;;;;;22.0;2024.0;8.0
2479;2024-09-04;76493;с.Крихівці;;;;;;;собака;;Самиця;чепрана;2-3 роки;;;;;ІСТИНА;2024-09-06;76493;с.Крихівці;;;;;;;2.0;2024.0;9.0
2481;2024-09-09;76493;с.Крихівці;;;;;;;собака;;Самиця;чорна з підпалом;2-3 роки;;;;;ІСТИНА;;76493;с.Крихівці;;;;;;;;2024.0;9.0
2482;2024-09-11;76014;с. Опришівці;вул. Затишна;;;;;;собака;;Самиця;чорна з підпалом;2-3 роки;;;;;ІСТИНА;2024-09-17;77451;с.Підлісся;вул.Польова;;;;;;6.0;2024.0;9.0
2483;2024-09-12;76009;Івано-Франківськ;вул. Івана Павла II;;;;;;собака;;Самиця;сіра;3-6 років;;;;;ІСТИНА;;76009;Івано-Франківськ;вул. Івана Павла II;;;;;;;2024.0;9.0
2485;2024-09-18;76495;с.Хриплин;;;;;;;собака;;Самиця;чорна з підпалом;1 рік;;;;;ІСТИНА;;76495;с.Хриплин;;;;;;;;2024.0;9.0
2487;2024-09-23;76491;с.Вовчинець;вул.Гайдея;;;;;;собака;;Самиця;чорна;2-3 роки;;;;;ІСТИНА;;76491;с.Вовчинець;вул.Гайдея;;;;;;;2024.0;9.0
2490;2024-10-01;77455;с.Лисець;Полігон;;;;;;собака;;Самиця;біла;2-3 роки;;;;;ІСТИНА;2024-10-09;77424;с.Павлівка;пункт перетримки;;;;;;8.0;2024.0;10.0
2491;2024-10-02;77441;с. Підпечари;;;;;;;собака;;Самиця;руда;2-3 роки;;;;;ІСТИНА;2024-10-08;77441;с. Підпечари;;;;;;;6.0;2024.0;10.0
2493;2024-10-02;77470;с.Марківці;;;;;;;собака;;Самиця;чорна;2-3 роки;;;;;ІСТИНА;2024-10-07;77470;с.Марківці;;;;;;;5.0;2024.0;10.0
2494;2024-10-03;77455;с.Лисець;Полігон;;;;;;собака;;Самець;чорний з підпалом;3-6 років;;;;;ІСТИНА;2024-10-14;77455;с.Лисець;Полігон;;;;;;11.0;2024.0;10.0
2495;2024-10-03;77455;с.Лисець;Полігон;;;;;;собака;;Самиця;біла;3-6 років;;;;;ІСТИНА;2024-10-09;77424;с.Павлівка;пункт перетримки;;;;;;6.0;2024.0;10.0
2496;2024-10-07;76495;с.Хриплин;дачі;;;;;;собака;;Самиця;чорна;2-3 роки;;;;;ІСТИНА;2024-10-11;76495;с.Хриплин;дачі;;;;;;4.0;2024.0;10.0
2497;2024-10-07;77455;с.Лисець;Полігон;;;;;;собака;;Самець;чорнобілий;3-6 років;;;;;ІСТИНА;2024-10-09;77424;с.Павлівка;пункт перетримки;;;;;;2.0;2024.0;10.0
2533;2024-10-12;78410;Івано-Франківськ;;;;;;;собака;;Самиця;біло-чорна;Невідомо;;;;;ІСТИНА;;78410;с.Тисменичани;;;;;;;;2024.0;10.0
2500;2024-10-22;77422;с.Ямниця;ПрАТ Івано-Франківськцемент;;;;;;собака;;Самиця;чорна з підпалом;1 рік;;;;;ІСТИНА;2024-10-28;77422;с.Ямниця;ПрАТ Івано-Франківськцемент;;;;;;6.0;2024.0;10.0
2501;2024-10-22;77422;с.Ямниця;ПрАТ Івано-Франківськцемент;;;;;;собака;;Самиця;чорна з підпалом;1 рік;;;;;ІСТИНА;2024-10-28;77422;с.Ямниця;ПрАТ Івано-Франківськцемент;;;;;;6.0;2024.0;10.0
2502;2024-10-23;77455;с.Лисець;Полігон;;;;;;собака;;Самиця;чорна з підпалом;1 рік;;;;;ІСТИНА;2024-10-28;77424;с.Павлівка;пункт перетримки;;;;;;5.0;2024.0;10.0
2503;2024-10-24;76491;с.Вовчинець;;;;;;;собака;;Самиця;чорна з підпалом;1 рік;;;;;ІСТИНА;2024-10-28;76491;с.Вовчинець;;;;;;;4.0;2024.0;10.0
2504;2024-10-23;76000;Івано-Франківськ;вул. Федьковича;;;;;;собака;;Самиця;сіра ;1 рік;;;;;ІСТИНА;2024-10-28;76000;Івано-Франківськ;вул. Федьковича;;;;;;5.0;2024.0;10.0
2507;2024-10-29;76006;Івано-Франківськ;вул. Миколайчука;;;;;;собака;;Самиця;коричнева з підпалом;2-3 роки;;;;;ІСТИНА;2024-11-04;76006;Івано-Франківськ;вул. Миколайчука;;;;;;6.0;2024.0;10.0
2508;2024-10-29;77455;с.Лисець;Полігон;;;;;;собака;;Самиця;чорна з підпалом;2-3 роки;;;;;ІСТИНА;;77424;с.Павлівка;пункт перетримки;;;;;;;2024.0;10.0
2509;2024-10-29;77455;с.Лисець;Полігон;;;;;;собака;;Самиця;світлоруда;2-3 роки;;;;;ІСТИНА;2024-11-04;77424;с.Павлівка;пункт перетримки;;;;;;6.0;2024.0;10.0
2510;2024-10-31;77422;с.Ямниця;;;;;;;собака;;Самиця;біла;2-3 роки;;;;;ІСТИНА;2024-11-05;77422;с.Ямниця;;;;;;;5.0;2024.0;10.0
2511;2024-10-31;77422;с.Ямниця;;;;;;;собака;;Самець;чорний;2-3 роки;;;;;ІСТИНА;2024-11-05;77422;с.Ямниця;;;;;;;5.0;2024.0;10.0
2512;2024-11-05;76010;Івано-Франківськ;вул.Довга;;;;;;собака;;Самець;рудий з підпалом;2-3 роки;;;;;ІСТИНА;2024-11-07;76010;Івано-Франківськ;вул.Довга;;;;;;2.0;2024.0;11.0
2517;2024-11-15;77458;с.Чукалівка;міське кладовище;;;;;;собака;;Самець;чорний з підпалом;2-3 роки;;;;;ІСТИНА;2024-11-18;77424;с.Павлівка;пункт перетримки;;;;;;3.0;2024.0;11.0
2518;;78432;Івано-Франківськ;вул.Пасічна;78;;;;;собака;;Самиця;біла з чорним;Невідомо;;;;;ІСТИНА;;78432;Івано-Франківськ;вул.Пасічна;;;;;;;;
2519;;78432;Івано-Франківськ;вул.Пасічна;78;;;;;собака;;Самиця;сіра;Невідомо;;;;;ІСТИНА;;78432;Івано-Франківськ;вул.Пасічна;;;;;;;;
2520;;76494;Івано-Франківськ;вул.Юнсті;;;;;;собака;;Самиця;біло-руда;Невідомо;;;;;ІСТИНА;;76494;Івано-Франківськ;вул.Юнсті;;;;;;;;
2521;;77457;Івано-Франківськ;вул.Миру;;;;;;собака;;Самиця;чорний;Невідомо;;;;;ІСТИНА;;77457;Радча;вул.Миру;;;;;;;;
2522;;76006;Івано-Франківськ;вул.Максимовича;8;;;;;собака;;Самець;темнорудий;Невідомо;;;;;ІСТИНА;;76006;Івано-Франківськ;вул.Максимовича;;;;;;;;
2523;2024-11-26;77457;с.Радча;підприємство електросвіт;;;;;;собака;;Самець;руда;2-3 роки;;;;;ІСТИНА;;77457;с.Радча;підприємство електросвіт;;;;;;;2024.0;11.0
2527;2024-11-29;76018;Івано-Франківськ;вул. Чорновола ;аеродром;;;;;собака;;Самиця;біла;3-6 років;;;;;ІСТИНА;;76018;Івано-Франківськ;вул. Чорновола ;аеродром;;;;;;2024.0;11.0
2528;2024-12-03;76492;с.Угорники;вул.Тополина ;;;;;;собака;;Самиця;чорна;1 рік;;;;;ІСТИНА;2024-12-09;76492;с.Угорники;вул.Тополина ;;;;;;6.0;2024.0;12.0
2536;2024-12-18;76018;Івано-Франківськ;вул. Мазепи ;;;;;;собака;;Самиця;трьохколірна ;1 рік;;;;;ІСТИНА;2024-12-24;76018;Івано-Франківськ;вул. Мазепи ;;;;;;6.0;2024.0;12.0
2537;2024-12-19;76494;Івано-Франківськ;вул.Юнсті;;;;;;собака;;Самиця;руда;2-3 роки;;;;;ІСТИНА;2024-12-26;76494;Івано-Франківськ;вул.Юнсті;;;;;;7.0;2024.0;12.0
2538;2024-12-19;76494;Івано-Франківськ;вул.Юнсті;;;;;;собака;;Самиця;біла;2-3 роки;;;;;ІСТИНА;2024-12-26;76494;Івано-Франківськ;вул.Юнсті;;;;;;7.0;2024.0;12.0
2539;2024-12-23;76008;Івано-Франківськ;вул.Горбачевськог;;;;;;собака;;Самиця;біло-руда;2-3 роки;;;;;ІСТИНА;2024-12-27;76008;Івано-Франківськ;вул.Горбачевськог;;;;;;4.0;2024.0;12.0
2540;2024-12-23;76494;Івано-Франківськ;вул.Юнсті;;;;;;собака;;Самиця;сіра з підпалом;2-3 роки;;;;;ІСТИНА;2024-12-27;76494;Івано-Франківськ;вул.Юнсті;;;;;;4.0;2024.0;12.0
2548;2025-01-14;76018;Івано-Франківськ;вул.Шухевичів;40;;;48.913284;24.721088;собака;;Самиця;чорна;2-3 роки;короткошерстна;40.0;19.0;;ІСТИНА;2025-01-21;76018;Івано-Франківськ;вул.Шухевичів;40;;;48.913284;24.721088;7.0;2025.0;1.0
2551;2025-01-21;76010;Івано-Франківськ;вул.Сотника Дідича;2;;;48.921503;24.708541;собака;;Самиця;біло-руда;2-3 роки;довгошерстна;25.0;12.0;;ІСТИНА;2025-01-23;76010;Івано-Франківськ;вул.Сотника Дідича;2;;;48.921503;24.708541;2.0;2025.0;1.0
2546;2025-01-10;76018;Івано-Франківськ;вул. Шота Руставелі;1;;;48.916838;24.725518;собака;;Самиця;руда;2-3 роки;короткошерстна;50.0;19.0;;ІСТИНА;2025-01-15;76018;Івано-Франківськ;вул. Шота Руставелі;1;;;48.916838;24.725518;5.0;2025.0;1.0
2547;2025-01-12;76018;Івано-Франківськ;вул.Мазепи;164;;;48.911017;24.684906;собака;;Самиця;чорна;2-3 роки;довгошерстна;40.0;22.0;;ІСТИНА;2025-01-21;76018;Івано-Франківськ;вул.. Мазепи;164;;;48.911017;24.684906;9.0;2025.0;1.0
2549;2025-01-23;76018;Івано-Франківськ;вул.Мельника;;;;48.901259;24.714226;собака;;Самець;тигровий;3-6 років;короткошерстна;60.0;49.0;;ІСТИНА;2025-01-23;76018;Івано-Франківськ;вул.. Коновальця ;район Велмарт;;;48.901259;24.714226;0.0;2025.0;1.0
2550;2025-01-17;76495;Івано-Франківськ;вул.Автоливмашівська;6;;;48.89071;24.748759;собака;;Самиця;чорна з підпалом;3-6 років;короткошерстна;60.0;41.0;;ІСТИНА;2025-01-29;76495;Івано-Франківськ;вул.Автоливмашівська;6;;;48.89071;24.748759;12.0;2025.0;1.0
2552;2025-01-21;76492;с.Угорники;вул.Тополина ;;;;48.925983;24.770039;собака;;Самець;рудий;2-3 роки;довгошерстний;40.0;21.0;;ІСТИНА;2025-01-27;76492;с.Угорники;вул.Тополина ;;;;48.925983;24.770039;6.0;2025.0;1.0
2553;2025-01-21;76495;с.Хриплин;дачі;;;;48.874734;24.754304;собака;;Самиця;чорна;1 рік;короткошерстна;35.0;16.0;;ІСТИНА;2025-01-28;76495;с.Хриплин;дачі;;;;48.874734;24.754304;7.0;2025.0;1.0
2557;2025-01-24;76000;Івано-Франківськ;вул. Федьковича;;;;48.942564;24.693325;собака;;Самець;трьохколірний;2-3 роки;довгошерстний;70.0;40.0;;ІСТИНА;2025-01-27;76000;Івано-Франківськ;вул. Федьковича;;;;48.942564;24.693325;3.0;2025.0;1.0
2560;2025-02-03;76018;Івано-Франківськ;вул. Мазепи;міське озеро;;;48.914089;24.694866;собака;;Самиця;чорна;2-3 роки;короткошерстна;60.0;46.0;;ІСТИНА;2025-02-07;76018;Івано-Франківськ;вул. Мазепи;міське озеро;;;48.914089;24.694866;4.0;2025.0;2.0
2562;2025-02-03;76005;Івано-Франківськ;вул. Довженка;гаражний кооператив;;;48.901382;24.689844;собака;;Самиця;коричнева      1 рік;1 рік;довгошерстна;40.0;32.0;;ІСТИНА;2025-02-10;76005;Івано-Франківськ;вул. Довженка;гаражний кооператив;;;48.901382;24.689844;7.0;2025.0;2.0
2563;2025-02-03;76019;Івано-Франківськ;вул. В. Ветеранів ;3а;;;48.92668;24.71098;собака;;Самиця;трьохколірна;1 рік;короткошерстна;50.0;31.0;;ІСТИНА;2025-02-07;76019;Івано-Франківськ;вул. В. Ветеранів ;3а;;;48.92668;24.71098;4.0;2025.0;2.0
2564;2025-02-04;76018;Івано-Франківськ;вул. Чорновола;аеропорт;;;48.894628;24.68755;собака;;Самиця;чорна з підпалом;1 рік;короткошерстна;60.0;42.0;;ІСТИНА;2025-02-10;76018;Івано-Франківськ;вул. Чорновола;аеропорт;;;48.894628;24.68755;6.0;2025.0;2.0
2565;2025-02-06;76005;Івано-Франківськ;вул.Довженка;2;;;48.90405;24.69402;собака;;Самиця;чорна з підпалом;2-3 роки;короткошерстна;30.0;19.0;;ІСТИНА;2025-02-12;76005;Івано-Франківськ;вул.Довженка;2;;;48.90405;24.69402;6.0;2025.0;2.0
2566;2025-02-10;76005;Івано-Франківськ;вул.Довженка;22;;;48.901382;24.689644;собака;;Самець;чорна з підпалом;1 рік;короткошерстна;60.0;36.0;;ІСТИНА;;76005;Івано-Франківськ;вул.Довженка;22;;;48.901382;24.689644;;2025.0;2.0
2567;2025-02-12;76005;Івано-Франківськ;вул.Довженка;23;;;48.901031;24.685435;собака;;Самець;чорний з білим;2-3 роки;довгошерстинй;40.0;29.0;;ІСТИНА;;76005;Івано-Франківськ;вул.Довженка;23;;;48.901031;24.685435;;2025.0;2.0
2568;2025-02-10;76010;Івано-Франківськ;вул. Сотника Дідича;;;;48.921503;24.708541;собака;;Самиця;чепрана;1 рік;короткошерстна;50.0;36.0;;ІСТИНА;2025-02-14;76010;Івано-Франківськ;вул. Сотника Дідича;;;;48.921503;24.708541;4.0;2025.0;2.0
2669;2025-02-17;76014;Івано-Франківськ;вул.Польова;14;;;48.89748;24.70787;собака;;Самиця;біло-чорна;1 рік;короткошерстна;30.0;12.0;;ІСТИНА;2025-02-21;76014;Івано-Франківськ;вул.Польова;14;;;48.89748;24.70787;4.0;2025.0;2.0
2670;2025-02-17;76014;Івано-Франківськ;вул.Польова;14;;;48.89748;24.70787;собака;;Самиця;чорнобіла;1 рік;короткошерстна;30.0;12.0;;ІСТИНА;2025-02-21;76014;Івано-Франківськ;вул.Польова;14;;;48.89748;24.70787;4.0;2025.0;2.0
2672;2025-02-20;76495;Івано-Франківськ;вул.Автоливмашівська;гараж ГДК;;;48.878;24.75365;собака;;Самиця;чорна;1 рік;короткошерстна;60.0;48.0;;ІСТИНА;2025-02-24;76495;Івано-Франківськ;вул.Автоливмашівська;гараж ГДК;;;48.878;24.75365;4.0;2025.0;2.0
2673;2025-02-20;76000;;вул. Вовчинецька ;206;;;48.94407;24.74574;собака;;Самець;рудий;6 рік;довгошерстинй;70.0;46.0;;ІСТИНА;2025-02-24;76000;;вул. Вовчинецька ;206;;;48.94407;24.74574;4.0;2025.0;2.0
2675;2025-02-25;78410;с.Тисменичани;;;;;48.77843;24.66263;собака;;Самиця;чорна з підпалом;2-3 роки;короткошерстна;40.0;28.0;;ІСТИНА;2025-03-03;78410;с.Тисменичани;;;;;48.77843;24.66263;6.0;2025.0;2.0
2676;2025-02-27;76492;с. Микитинці;;;;;48.907674;24.749808;собака;;Самиця;чорна з підпалом;2-3 роки;довгошерстна;50.0;28.0;;ІСТИНА;2025-03-06;76492;с. Павлівка;;;;;48.98713;24.66643;7.0;2025.0;2.0
2677;2025-02-28;77460;с.Черніїв;дачі Діброва;;;;48.844825;24.745312;собака;;Самиця;руда;2-3 роки;довгошерстна;50.0;28.0;;ІСТИНА;2025-03-05;77460;с.Черніїв;дачі Діброва;;;;48.844825;24.745312;5.0;2025.0;2.0
2574;2025-02-24;77457;с.Радча;;;;;;;собака;;Самець;чорний;6 рік;довгошерстинй;50.0;24.0;;ІСТИНА;2025-03-06;76492;с. Павлівка;;;;;48.98713;24.66643;10.0;2025.0;2.0
2579;2025-03-04;76010;Івано-Франківськ;вул. Сотника Дідича;2;;;48.925213;24.702048;собака;;Самиця;руда;1 рік;короткошерстна;50.0;26.0;;ІСТИНА;2025-03-10;76010;Івано-Франківськ;вул. Сотника Дідича;2;;;48.925213;24.702048;6.0;2025.0;3.0
2580;2025-03-05;76018;Івано-Франківськ;вул. Залізнична;автовокзал;;;48.91879;24.72562;собака;;Самиця;світлоруда;2-3 роки;короткошерстна;40.0;22.0;;ІСТИНА;2025-03-10;76018;Івано-Франківськ;вул. Залізнична;автовокзал;;;48.91879;24.72562;5.0;2025.0;3.0
2581;2025-03-06;76492;с.Угорники;;;;;48.922361;24.764142;собака;;Самиця;руда;2-3 роки;довгошерстна;30.0;19.0;;ІСТИНА;2025-03-07;76492;с.Угорники;;;;;48.922361;24.764142;1.0;2025.0;3.0
2584;2025-03-06;77421;с.Рибне;;;;;48.955099;24.612465;собака;;Самиця;чорна;3-6 років;короткошерстна;60.0;28.0;;ІСТИНА;2025-03-06;76492;с. Павлівка;;;;;48.98713;24.66643;0.0;2025.0;3.0
2585;2025-03-05;76494;Івано-Франківськ;вул. Юності ;62а;;;48.900862;24.757514;собака;;Самиця;чепрана;2-3 роки;довгошерстна;40.0;18.0;;ІСТИНА;2025-03-10;76494;Івано-Франківськ;вул. Юності ;62а;;;48.900862;24.757514;5.0;2025.0;3.0
