chipUid;catchName;catchId;captureDate;captureCATUTTC;captureAddressPostCode;captureAddressAdminUnitL1;captureAddressAdminUnitL2;captureAddressAdminUnitL3;captureAddressAdminUnitL4;captureAddressPostName;captureAddressThoroughfare;captureAddressLocatorDesignator;captureAddressLocatorBuilding;captureAddressDescription;captureLat;captureLon;animalSpecies;animalBreed;animalSex;animalColor;animalAge;animalFur;animalHeight;animalWeight;vaccinationsInfo;isSterilizationInfo;veterinary Name;veterinary Id;releasedDate;releaseCATUTTC;releasedAddressPostCode;releasedAddressAdminUnitL1;releasedAddressAdminUnitL2;releasedAddressAdminUnitL3;releasedAddressAdminUnitL4;releasedAddressPostName;releasedAddressThoroughfare;releasedAddressLocatorDesignator;releasedAddressLocatorBuilding;releasedAddressDescription;releasedLat;releasedLon
2337;"КП ""Полігон ТПВ""";3364590;01.08.2024;UA26040190000081578;76008;Україна;Івано-Франківська обл;Франківський;Івано-Франківська;Івано-Франківськ;вул. Федьковича;88;null;null;null;null;собака;null;2;коричнева;2-3 роки;null;null;null;null;ІСТИНА;"КП ""Полігон ТПВ""";33645903;13.02.2024;UA26040190000081578;76008;Україна;Івано-Франківська;Івано-Франківський;Івано-Франківська;Івано-Франківськ;вул. Федьковича;null;null;null;null;null
2332;"КП ""Полігон ТПВ""";3364590;09.01.2024;UA26040190000081578;76018;Україна;Івано-Франківська обл;Франківський;Івано-Франківська;Івано-Франківськ;вул. Мельника;null;null;null;null;null;собака;null;2;чорна з підпалом;2-3 роки;null;null;null;null;ІСТИНА;"КП ""Полігон ТПВ""";33645903;17.01.2024;UA26040190000081578;76018;Україна;Івано-Франківська;Івано-Франківський;Івано-Франківська;Івано-Франківськ;вул.Мельника;null;null;null;null;null
2331;"КП ""Полігон ТПВ""";3364590;09.01.2024;UA26040190000081578;76018;Україна;Івано-Франківська обл;Франківський;Івано-Франківська;Івано-Франківськ;вул. Мельника;null;null;null;null;null;собака;null;1;сірий;3-6 років;null;null;null;null;ІСТИНА;"КП ""Полігон ТПВ""";33645903;20.01.2024;UA26040190000081578;76018;Україна;Івано-Франківська;Івано-Франківський;Івано-Франківська;Івано-Франківськ;вул.Мельника;null;null;null;null;null
2330;"КП ""Полігон ТПВ""";3364590;09.01.2024;UA26040190000081578;77457;Україна;Івано-Франківська обл;Франківський;Івано-Франківська;с.Радча;null;null;null;null;null;null;собака;null;2;біло-руда;3-6 років;null;null;null;null;ІСТИНА;"КП ""Полігон ТПВ""";33645903;18.01.2024;UA26040190000081578;77457;Україна;Івано-Франківська;Івано-Франківський;Івано-Франківська;с.Радча;null;null;null;null;null;null
2333;"КП ""Полігон ТПВ""";3364590;09.01.2024;UA26040190000081578;76494;Україна;Івано-Франківська обл;Франківський;Івано-Франківська;Івано-Франківськ;вул.Юності;null;null;null;null;null;собака;null;2;чорна;1 рік;null;null;null;null;ІСТИНА;"КП ""Полігон ТПВ""";33645903;26.01.2024;UA26040190000081578;76494;Україна;Івано-Франківська;Івано-Франківський;Івано-Франківська;Івано-Франківськ;вул.Юності;null;null;null;null;null
2335;"КП ""Полігон ТПВ""";3364590;17.01.2024;UA26040190000081578;76000;Україна;Івано-Франківська обл;Франківський;Івано-Франківська;Івано-Франківськ;вул.Вовчинецька;null;null;null;null;null;собака;null;2;чорна з підпалом;2-3 роки;null;null;null;null;ІСТИНА;"КП ""Полігон ТПВ""";33645903;28.01.2024;UA26040190000081578;76000;Україна;Івано-Франківська;Івано-Франківський;Івано-Франківська;Івано-Франківськ;вул.Вовчинецька;null;null;null;null;null
2336;"КП ""Полігон ТПВ""";3364590;19.01.2023;UA26040190000081578;77441;Україна;Івано-Франківська обл;Франківський;Івано-Франківська;с. Підпечари;null;null;null;null;null;null;собака;null;2;трьохколірна;2-3 роки;null;null;null;null;ІСТИНА;"КП ""Полігон ТПВ""";33645903;31.01.2024;UA26040190000081578;77441;Україна;Івано-Франківська;Івано-Франківський;Івано-Франківська;с. Підпечари;null;null;null;null;null;null
2337;"КП ""Полігон ТПВ""";3364590;23.01.2024;UA26040190000081578;76492;Україна;Івано-Франківська обл;Франківський;Івано-Франківська;с.Угорники;вул.Тополина ;null;null;null;null;null;собака;null;2;чорна з тигровим молоком;2-3 роки;null;null;null;null;ІСТИНА;"КП ""Полігон ТПВ""";33645903;28.01.2024;UA26040190000081578;76492;Україна;Івано-Франківська;Івано-Франківський;Івано-Франківська;с.Угорники;null;null;null;null;null;null
2339;"КП ""Полігон ТПВ""";3364590;24.01.2024;UA26040190000081578;77460;Україна;Івано-Франківська обл;Франківський;Івано-Франківська;с.Черніїв;null;null;null;null;null;null;собака;null;2;біло-руда;2-3 роки;null;null;null;null;ІСТИНА;"КП ""Полігон ТПВ""";33645903;28.01.2024;UA26040190000081578;77460;Україна;Івано-Франківська;Івано-Франківський;Івано-Франківська;с.Черніїв;null;null;null;null;null;null
2379;"КП ""Полігон ТПВ""";3364590;04.01.2024;UA26040190000081578;76014;Україна;Івано-Франківська обл;Франківський;Івано-Франківська;Івано-Франківськ;вул. Коновальця;магазин Велмарт;null;null;null;null;собака;null;2;чорна з підпалом;1 рік;null;null;null;null;ІСТИНА;"КП ""Полігон ТПВ""";33645903;15.01.2024;UA26040190000081578;76014;Україна;Івано-Франківська;Івано-Франківський;Івано-Франківська;вул. Коновальця;null;null;null;null;null;null
2334;"КП ""Полігон ТПВ""";3364590;15.01.2024;UA26040190000081578;76492;Україна;Івано-Франківська обл;Франківський;Івано-Франківська;с. Микитинці;null;null;null;null;null;null;собака;null;2;руда;2-3 роки;null;null;null;null;ІСТИНА;"КП ""Полігон ТПВ""";33645903;28.01.2024;UA26040190000081578;76492;Україна;Івано-Франківська;Івано-Франківський;Івано-Франківська;с. Микитинці;null;null;null;null;null;null
2340;"КП ""Полігон ТПВ""";3364590;22.01.2023;UA26040190000081578;77441;Україна;Івано-Франківська обл;Франківський;Івано-Франківська;с. Підпечари;null;null;null;null;null;null;собака;null;2;трьохколірна;1 рік;null;null;null;null;ІСТИНА;"КП ""Полігон ТПВ""";33645903;31.01.2024;UA26040190000081578;77441;Україна;Івано-Франківська;Івано-Франківський;Івано-Франківська;с. Підпечари;null;null;null;null;null;null
2341;"КП ""Полігон ТПВ""";3364590;22.01.2023;UA26040190000081578;77441;Україна;Івано-Франківська обл;Франківський;Івано-Франківська;с. Підпечари;null;null;null;null;null;null;собака;null;2;трьохколірна;1 рік;null;null;null;null;ІСТИНА;"КП ""Полігон ТПВ""";33645903;31.01.2024;UA26040190000081578;77441;Україна;Івано-Франківська;Івано-Франківський;Івано-Франківська;с. Підпечари;null;null;null;null;null;null
2342;"КП ""Полігон ТПВ""";3364590;06.02.2024;UA26040190000081578;76493;Україна;Івано-Франківська обл;Франківський;Івано-Франківська;с.Крихівці;Калинова Слобода;null;null;null;null;null;собака;null;2;чорна;2-3 роки;null;null;null;null;ІСТИНА;"КП ""Полігон ТПВ""";33645903;02.06.2024;UA26040190000081578;76493;Україна;Івано-Франківська;Івано-Франківський;Івано-Франківська;с.Крихівці;null;null;null;null;null;null
2343;"КП ""Полігон ТПВ""";3364590;05.02.2024;UA26040190000081578;76492;Україна;Івано-Франківська обл;Франківський;Івано-Франківська;с.Угорники;null;null;null;null;null;null;собака;null;1;чорний;2-3 роки;null;null;null;null;ІСТИНА;"КП ""Полігон ТПВ""";33645903;04.02.2024;UA26040190000081578;76492;Україна;Івано-Франківська;Івано-Франківський;Івано-Франківська;с.Угорники;null;null;null;null;null;null
2093;"КП ""Полігон ТПВ""";3364590;01.02.2023;UA26040190000081578;76009;Україна;Івано-Франківська обл;Франківський;Івано-Франківська;Івано-Франківськ;вул.Січеславської;null;null;null;null;null;собака;null;2;темно-руда;3-6 років;null;null;null;null;ІСТИНА;"КП ""Полігон ТПВ""";33645903;null;UA26040190000081578;76009;Україна;Івано-Франківська;Івано-Франківський;Івано-Франківська;Івано-Франківськ;вул.Січеславської;null;null;null;null;null
2094;"КП ""Полігон ТПВ""";3364590;01.02.2024;UA26040190000081578;76002;Україна;Івано-Франківська обл;Франківський;Івано-Франківська;Івано-Франківськ;вул. Хриплинська;null;null;null;null;null;собака;null;2;чорна з підпалом;1 рік;null;null;null;null;ІСТИНА;"КП ""Полігон ТПВ""";33645903;08.02.2024;UA26040190000081578;76002;Україна;Івано-Франківська;Івано-Франківський;Івано-Франківська;Івано-Франківськ;вул. Хриплинська;null;null;null;null;null
2095;"КП ""Полігон ТПВ""";3364590;02.02.2024;UA26040190000081578;76002;Україна;Івано-Франківська обл;Франківський;Івано-Франківська;Івано-Франківськ;вул. Хриплинська;null;null;null;null;null;собака;null;2;чорна з підпалом;1 рік;null;null;null;null;ІСТИНА;"КП ""Полігон ТПВ""";33645903;02.02.2024;UA26040190000081578;76002;Україна;Івано-Франківська;Івано-Франківський;Івано-Франківська;Івано-Франківськ;вул. Хриплинська;null;null;null;null;null
2096;"КП ""Полігон ТПВ""";3364590;03.02.2024;UA26040190000081578;76005;Україна;Івано-Франківська обл;Франківський;Івано-Франківська;Івано-Франківськ;вул. Довженка;null;null;null;null;null;собака;null;2;біла;1 рік;null;null;null;null;ІСТИНА;"КП ""Полігон ТПВ""";33645903;08.02.2024;UA26040190000081578;76005;Україна;Івано-Франківська;Івано-Франківський;Івано-Франківська;Івано-Франківськ;прилаштована;null;null;null;null;null
2097;"КП ""Полігон ТПВ""";3364590;03.02.2024;UA26040190000081578;76492;Україна;Івано-Франківська обл;Франківський;Івано-Франківська;Івано-Франківськ;вул.Сеченова;null;null;null;null;null;собака;null;2;чорна з підпалом;2-3 роки;null;null;null;null;ІСТИНА;"КП ""Полігон ТПВ""";33645903;08.02.2024;UA26040190000081578;76492;Україна;Івано-Франківська;Івано-Франківський;Івано-Франківська;Івано-Франківськ;вул.Сеченова;null;null;null;null;null
2344;"КП ""Полігон ТПВ""";3364590;01.02.2024;UA26040190000081578;76495;Україна;Івано-Франківська обл;Франківський;Івано-Франківська;с.Хриплин;null;null;null;null;null;null;собака;null;2;двохколірна;2-3 роки;null;null;null;null;ІСТИНА;"КП ""Полігон ТПВ""";33645903;05.02.2024;UA26040190000081578;76495;Україна;Івано-Франківська;Івано-Франківський;Івано-Франківська;с. Хриплин;null;null;null;null;null;null
2345;"КП ""Полігон ТПВ""";3364590;04.02.2024;UA26040190000081578;76014;Україна;Івано-Франківська обл;Франківський;Івано-Франківська;с.Опришівці;біля церкви;null;null;null;null;null;собака;null;2;чорнокоричнева;2-3 роки;null;null;null;null;ІСТИНА;"КП ""Полігон ТПВ""";33645903;09.02.2024;UA26040190000081578;76014;Україна;Івано-Франківська;Івано-Франківський;Івано-Франківська;с.Опришівці;null;null;null;null;null;null
2346;"КП ""Полігон ТПВ""";3364590;05.02.2024;UA26040190000081578;77457;Україна;Івано-Франківська обл;Франківський;Івано-Франківська;с. Радча;магазин Вікторія;null;null;null;null;null;собака;null;2;трьохколірна;2-3 роки;null;null;null;null;ІСТИНА;"КП ""Полігон ТПВ""";33645903;10.02.2024;UA26040190000081578;77457;Україна;Івано-Франківська;Івано-Франківський;Івано-Франківська;с. Радча;магазин Вікторія;null;null;null;null;null
2347;"КП ""Полігон ТПВ""";3364590;06.02.2024;UA26040190000081578;76006;Україна;Івано-Франківська обл;Франківський;Івано-Франківська;Івано-Франківськ;вул.Миколайчука;17б;null;null;null;null;собака;null;2;чепрана;1 рік;null;null;null;null;ІСТИНА;"КП ""Полігон ТПВ""";33645903;11.02.2024;UA26040190000081578;76006;Україна;Івано-Франківська;Івано-Франківський;Івано-Франківська;Івано-Франківськ;вул.Миколайчука 17 б;null;null;null;null;null
2349;"КП ""Полігон ТПВ""";3364590;08.02.2024;UA26040190000081578;76071;Україна;Івано-Франківська обл;Франківський;Івано-Франківська;Івано-Франківськ;вул.Декабристів;null;null;null;null;null;собака;null;2;біло-чорна;2-3 роки;null;null;null;null;ІСТИНА;"КП ""Полігон ТПВ""";33645903;12.02.2024;UA26040190000081578;76071;Україна;Івано-Франківська;Івано-Франківський;Івано-Франківська;Івано-Франківськ;вул.Декабристів;null;null;null;null;null
2352;"КП ""Полігон ТПВ""";3364590;13.02.2024;UA26040190000081578;76006;Україна;Івано-Франківська обл;Франківський;Івано-Франківська;Івано-Франківськ;вул.Симоненка;null;null;null;null;null;собака;null;2;темно-руда;2-3 роки;null;null;null;null;ІСТИНА;"КП ""Полігон ТПВ""";33645903;23.02.2024;UA26040190000081578;76006;Україна;Івано-Франківська;Івано-Франківський;Івано-Франківська;Івано-Франківськ;вул.Симоненка;null;null;null;null;null
2354;"КП ""Полігон ТПВ""";3364590;16.02.2024;UA26040190000081578;76494;Україна;Івано-Франківська обл;Франківський;Івано-Франківська;Івано-Франківськ;вул. Юності;null;null;null;null;null;собака;null;2;3-х колірна;3-6 років;null;null;null;null;ІСТИНА;"КП ""Полігон ТПВ""";33645903;21.02.2024;UA26040190000081578;76494;Україна;Івано-Франківська;Івано-Франківський;Івано-Франківська;Івано-Франківськ;вул.Юності;null;null;null;null;null
2356;"КП ""Полігон ТПВ""";3364590;21.02.2024;UA26040190000081578;76010;Україна;Івано-Франківська обл;Франківський;Івано-Франківська;Івано-Франківськ;вул.Кривоноса;null;null;null;null;null;собака;null;2;чорна;2-3 роки;null;null;null;null;ІСТИНА;"КП ""Полігон ТПВ""";33645903;21.02.2024;UA26040190000081578;76010;Україна;Івано-Франківська;Івано-Франківський;Івано-Франківська;Івано-Франківськ;вул.Кривоноса;null;null;null;null;null
2357;"КП ""Полігон ТПВ""";3364590;20.02.2024;UA26040190000081578;76014;Україна;Івано-Франківська обл;Франківський;Івано-Франківська;Івано-Франківськ;вул. Василишина;null;null;null;null;null;собака;null;2;трьохколірна;2-3 роки;null;null;null;null;ІСТИНА;"КП ""Полігон ТПВ""";33645903;25.02.2024;UA26040190000081578;76014;Україна;Івано-Франківська;Івано-Франківський;Івано-Франківська;Івано-Франківськ;вул. Василишина;null;null;null;null;null
2359;"КП ""Полігон ТПВ""";3364590;22.02.2024;UA26040190000081578;76000;Україна;Івано-Франківська обл;Франківський;Івано-Франківська;Івано-Франківськ;вул. Федьковича;null;null;null;null;null;собака;null;1;чорний з підпалом;3-6 років;null;null;null;null;ІСТИНА;"КП ""Полігон ТПВ""";33645903;07.03.2024;UA26040190000081578;76000;Україна;Івано-Франківська;Івано-Франківський;Івано-Франківська;Івано-Франківськ;райноІФТУНГ;null;null;null;null;null
2380;"КП ""Полігон ТПВ""";3364590;04.03.2024;UA26040190000081578;76014;Україна;Івано-Франківська обл;Франківський;Івано-Франківська;Івано-Франківськ;вул. Коновальця;null;null;null;null;null;собака;null;2;чепрана;2-3 роки;null;null;null;null;ІСТИНА;"КП ""Полігон ТПВ""";33645903;08.03.2024;UA26040190000081578;76014;Україна;Івано-Франківська;Івано-Франківський;Івано-Франківська;Івано-Франківськ;вул. Коновальця;null;null;null;null;null
2384;"КП ""Полігон ТПВ""";3364590;04.03.2024;UA26040190000081578;76006;Україна;Івано-Франківська обл;Франківський;Івано-Франківська;Івано-Франківськ;вул.Максимовича;18;null;null;null;null;собака;null;1;чорний з підпалом;3-6 років;null;null;null;null;ІСТИНА;"КП ""Полігон ТПВ""";33645903;15.03.2024;UA26040190000081578;76006;Україна;Івано-Франківська;Івано-Франківський;Івано-Франківська;Івано-Франківськ;прилаштована;null;null;null;null;null
2528;"КП ""Полігон ТПВ""";3364590;12.03.2024;UA26040190000081578;76492;Україна;Івано-Франківська обл;Франківський;Івано-Франківська;Івано-Франківськ;вул.Тополина ;6;null;null;null;null;собака;null;2;чорна;null;null;null;null;null;ІСТИНА;"КП ""Полігон ТПВ""";33645903;12.09.2024;UA26040190000081578;76492;Україна;Івано-Франківська;Івано-Франківський;Івано-Франківська;Івано-Франківськ;вул.Тополина ;null;null;null;null;null
2385;"КП ""Полігон ТПВ""";3364590;19.03.2024;UA26040190000081578;76014;Україна;Івано-Франківська обл;Франківський;Івано-Франківська;Івано-Франківськ;вул.Медична;null;null;null;null;null;собака;null;2;світлоруда;2-3 роки;null;null;null;null;ІСТИНА;"КП ""Полігон ТПВ""";33645903;22.03.2024;UA26040190000081578;76014;Україна;Івано-Франківська;Івано-Франківський;Івано-Франківська;Івано-Франківськ;вул.Медична;null;null;null;null;null
2395;"КП ""Полігон ТПВ""";3364590;25.03.2024;UA26040190000081578;76010;Україна;Івано-Франківська обл;Франківський;Івано-Франківська;Івано-Франківськ;вул.Ленкавського;null;null;null;null;null;собака;null;1;чорний з підпалом;3-6 років;null;null;null;null;ІСТИНА;"КП ""Полігон ТПВ""";33645903;25.03.2024;UA26040190000081578;76010;Україна;Івано-Франківська;Івано-Франківський;Івано-Франківська;Івано-Франківськ;вул.Ленкавського;null;null;null;null;null
2365;"КП ""Полігон ТПВ""";3364590;07.03.2024;UA26040190000081578;76018;Україна;Івано-Франківська обл;Франківський;Івано-Франківська;Івано-Франківськ;вул. Мазепи ;район озера;null;null;null;null;собака;null;2;чорна з підпалом;6-8 років;null;null;null;null;ІСТИНА;"КП ""Полігон ТПВ""";33645903;15.03.2024;UA26040190000081578;76018;Україна;Івано-Франківська;Івано-Франківський;Івано-Франківська;Івано-Франківськ;вул. Мазепи ;null;null;null;null;null
2397;"КП ""Полігон ТПВ""";3364590;08.04.2024;UA26040190000081578;76014;Україна;Івано-Франківська обл;Франківський;Івано-Франківська;Івано-Франківськ;вул. Коновальця;null;null;null;null;null;собака;null;2;чорна з підпалом;3-6 років;null;null;null;null;ІСТИНА;"КП ""Полігон ТПВ""";33645903;12.04.2024;UA26040190000081578;76018;Україна;Івано-Франківська;Івано-Франківський;Івано-Франківська;Івано-Франківськ;вул.Коновальця;null;null;null;null;null
2398;"КП ""Полігон ТПВ""";3364590;08.04.2024;UA26040190000081578;76006;Україна;Івано-Франківська обл;Франківський;Івано-Франківська;Івано-Франківськ;вул.Урожайна;null;null;null;null;null;собака;null;1;чорний;2-3 роки;null;null;null;null;ІСТИНА;"КП ""Полігон ТПВ""";33645903;21.04.2024;UA26040190000081578;76006;Україна;Івано-Франківська;Івано-Франківський;Івано-Франківська;Івано-Франківськ;вул.Коновальця;null;null;null;null;null
2403;"КП ""Полігон ТПВ""";3364590;09.04.2024;UA26040190000081578;76018;Україна;Івано-Франківська обл;Франківський;Івано-Франківська;Івано-Франківськ;вул. Мазепи ;null;null;null;null;null;собака;null;1;чорний;2-3 роки;null;null;null;null;ІСТИНА;"КП ""Полігон ТПВ""";33645903;16.04.2024;UA26040190000081578;76018;Україна;Івано-Франківська;Івано-Франківський;Івано-Франківська;Івано-Франківськ;вул. Мазепи ;null;null;null;null;null
2399;"КП ""Полігон ТПВ""";3364590;09.04.2024;UA26040190000081578;76008;Україна;Івано-Франківська обл;Франківський;Івано-Франківська;Івано-Франківськ;вул.Пасічна;null;null;null;null;null;собака;null;1;чорний з підпалом;3-6 років;null;null;null;null;ІСТИНА;"КП ""Полігон ТПВ""";33645903;16.04.2024;UA26040190000081578;76008;Україна;Івано-Франківська;Івано-Франківський;Івано-Франківська;Івано-Франківськ;вул.Пасічна;null;null;null;null;null
2401;"КП ""Полігон ТПВ""";3364590;09.04.2024;UA26040190000081578;77457;Україна;Івано-Франківська обл;Франківський;Івано-Франківська;с.Радча;null;null;null;null;null;null;собака;null;2;сіра;3-6 років;null;null;null;null;ІСТИНА;"КП ""Полігон ТПВ""";33645903;16.04.2024;UA26040190000081578;77457;Україна;Івано-Франківська;Івано-Франківський;Івано-Франківська;с.Радча;null;null;null;null;null;null
2400;"КП ""Полігон ТПВ""";3364590;09.04.2024;UA26040190000081578;77457;Україна;Івано-Франківська обл;Франківський;Івано-Франківська;с.Радча;null;null;null;null;null;null;собака;null;2;сіра;3-6 років;null;null;null;null;ІСТИНА;"КП ""Полігон ТПВ""";33645903;16.04.2024;UA26040190000081578;77457;Україна;Івано-Франківська;Івано-Франківський;Івано-Франківська;прилаштована;null;null;null;null;null;null
2404;"КП ""Полігон ТПВ""";3364590;12.04.2024;UA26040190000081578;77458;Україна;Івано-Франківська обл;Франківський;Івано-Франківська;с.Чукалівка;null;null;null;null;null;null;собака;null;2;чорна з підпалом;3-6 років;null;null;null;null;ІСТИНА;"КП ""Полігон ТПВ""";33645903;16.04.2024;UA26040190000081578;77458;Україна;Івано-Франківська;Івано-Франківський;Івано-Франківська;с.Чукалівка;null;null;null;null;null;null
2405;"КП ""Полігон ТПВ""";3364590;16.04.2024;UA26040190000081578;35646;Україна;Івано-Франківська обл;Франківський;Івано-Франківська;с.Підлужжя;null;null;null;null;null;null;собака;null;2;чепрана;2-3 роки;null;null;null;null;ІСТИНА;"КП ""Полігон ТПВ""";33645903;17.04.2024;UA26040190000081578;35646;Україна;Івано-Франківська;Івано-Франківський;Івано-Франківська;с.Підлужжя;null;null;null;null;null;null
2407;"КП ""Полігон ТПВ""";3364590;21.04.2024;UA26040190000081578;76000;Україна;Івано-Франківська обл;Франківський;Івано-Франківська;;вул. Вовчинецька;null;null;null;null;null;собака;null;2;біла;3-6 років;null;null;null;null;ІСТИНА;"КП ""Полігон ТПВ""";33645903;null;UA26040190000081578;76000;Україна;Івано-Франківська;Івано-Франківський;Івано-Франківська;null;null;null;null;null;null;null
2407;"КП ""Полігон ТПВ""";3364590;22.04.2024;UA26040190000081578;76009;Україна;Івано-Франківська обл;Франківський;Івано-Франківська;Івано-Франківськ;вул.Івана Павла2;null;null;null;null;null;собака;null;1;коричневий;2-3 роки;null;null;null;null;ІСТИНА;"КП ""Полігон ТПВ""";33645903;23.04.2024;UA26040190000081578;76009;Україна;Івано-Франківська;Івано-Франківський;Івано-Франківська;Івано-Франківськ;вул.Івана Павла2;null;null;null;null;null
2408;"КП ""Полігон ТПВ""";3364590;26.04.2024;UA26040190000081578;76494;Україна;Івано-Франківська обл;Франківський;Івано-Франківська;Івано-Франківськ;вул. Юності;null;null;null;null;null;собака;null;2;чорна з підпалом;6-8 років;null;null;null;null;ІСТИНА;"КП ""Полігон ТПВ""";33645903;29.04.2024;UA26040190000081578;76494;Україна;Івано-Франківська обл;Франківський;Івано-Франківська;Івано-Франківськ;вул. Юності;null;null;null;null;null
2409;"КП ""Полігон ТПВ""";3364590;29.04.2024;UA26040190000081578;76000;Україна;Івано-Франківська обл;Франківський;Івано-Франківська;Івано-Франківськ;вул. Витвицького;null;null;null;null;null;собака;null;2;чорна з підпалом;2-3 роки;null;null;null;null;ІСТИНА;"КП ""Полігон ТПВ""";33645903;03.05.2024;UA26040190000081578;76000;Україна;Івано-Франківська обл;Франківський;Івано-Франківська;Івано-Франківськ;вул. Витвицького;null;null;null;null;null
2413;"КП ""Полігон ТПВ""";3364590;10.02.2024;UA26040190000081578;76010;Україна;Івано-Франківська обл;Франківський;Івано-Франківська;Івано-Франківськ;вул.Сотника Дідича;null;null;null;null;null;собака;null;2;чорна;2-3 роки;null;null;null;null;ІСТИНА;"КП ""Полігон ТПВ""";33645903;20.05.2024;UA26040190000081578;76010;Україна;Івано-Франківська обл;Франківський;Івано-Франківська;Івано-Франківськ;вул.Сотника Дідича;null;null;null;null;null
2413;"КП ""Полігон ТПВ""";3364590;10.05.2024;UA26040190000081578;76010;Україна;Івано-Франківська обл;Франківський;Івано-Франківська;Івано-Франківськ;вул.Сотника Дідича;null;null;null;null;null;собака;null;2;чорна;2-3 роки;null;null;null;null;ІСТИНА;"КП ""Полігон ТПВ""";33645903;20.05.2024;UA26040190000081578;76010;Україна;Івано-Франківська обл;Франківський;Івано-Франківська;Івано-Франківськ;вул.Сотника Дідича;null;null;null;null;null
2415;"КП ""Полігон ТПВ""";3364590;10.05.2024;UA26040190000081578;76014;Україна;Івано-Франківська обл;Франківський;Івано-Франківська;Івано-Франківськ;вул.Коновальця-Медична;null;null;null;null;null;собака;null;2;чепрана;1 рік;null;null;null;null;ІСТИНА;"КП ""Полігон ТПВ""";33645903;15.05.2024;UA26040190000081578;76014;Україна;Івано-Франківська обл;Франківський;Івано-Франківська;Івано-Франківськ;вул.Коновальця-Медична;null;null;null;null;null
2419;"КП ""Полігон ТПВ""";3364590;15.05.2024;UA26040190000081578;76008;Україна;Івано-Франківська обл;Франківський;Івано-Франківська;Івано-Франківськ;вул.Целевича ;18а;null;null;null;null;собака;null;2;чорна з підпалом;3-6 років;null;null;null;null;ІСТИНА;"КП ""Полігон ТПВ""";33645903;15.05.2024;UA26040190000081578;76008;Україна;Івано-Франківська обл;Франківський;Івано-Франківська;Івано-Франківськ;вул.Целевича ;18а;null;null;null;null
2420;"КП ""Полігон ТПВ""";3364590;03.06.2024;UA26040190000081578;77423;Україна;Івано-Франківська обл;Франківський;Івано-Франківська;с.Угрнинів;null;null;null;null;null;null;собака;null;2;коричнева;3-6 років;null;null;null;null;ІСТИНА;"КП ""Полігон ТПВ""";33645903;03.06.2024;UA26040190000081578;77423;Україна;Івано-Франківська обл;Франківський;Івано-Франківська;с.Угрнинів;null;null;null;null;null;null
2421;"КП ""Полігон ТПВ""";3364590;04.06.2024;UA26040190000081578;76018;Україна;Івано-Франківська обл;Франківський;Івано-Франківська;Івано-Франківськ;вул. Новгородська;null;null;null;null;null;собака;null;2;чорна;2-3 роки;null;null;null;null;ІСТИНА;"КП ""Полігон ТПВ""";33645903;10.06.2024;UA26040190000081578;76018;Україна;Івано-Франківська обл;;Івано-Франківська;Івано-Франківськ;вул. Новгородська;null;null;null;null;null
2424;"КП ""Полігон ТПВ""";3364590;04.06.2024;UA26040190000081578;77460;Україна;Івано-Франківська обл;Франківський;Івано-Франківська;с.Черніїв;дачі Діброва;null;null;null;null;null;собака;null;2;чорна з підпалом;1 рік;null;null;null;null;ІСТИНА;"КП ""Полігон ТПВ""";33645903;14.06.2024;UA26040190000081578;77460;Україна;Івано-Франківська обл;Франківський;Івано-Франківська;с.Черніїв;дачі Діброва;null;null;null;null;null
2425;"КП ""Полігон ТПВ""";3364590;04.06.2024;UA26040190000081578;77458;Україна;Івано-Франківська обл;Франківський;Івано-Франківська;с.Чукалівка;міське кладовище;null;null;null;null;null;собака;null;2;сіра;3-6 років;null;null;null;null;ІСТИНА;"КП ""Полігон ТПВ""";33645903;14.06.2024;UA26040190000081578;77458;Україна;Івано-Франківська обл;Франківський;Івано-Франківська;с.Чукалівка;міське кладовище;null;null;null;null;null
2427;"КП ""Полігон ТПВ""";3364590;05.06.2024;UA26040190000081578;76000;Україна;Івано-Франківська обл;Франківський;Івано-Франківська;Івано-Франківськ;вул.Олексишина;null;null;null;null;null;собака;null;2;чорна з підпалом;2-3 роки;null;null;null;null;ІСТИНА;"КП ""Полігон ТПВ""";33645903;14.06.2024;UA26040190000081578;76000;Україна;Івано-Франківська обл;Франківський;Івано-Франківська;Івано-Франківськ;вул.Олексишина;null;null;null;null;null
2426;"КП ""Полігон ТПВ""";3364590;05.06.2024;UA26040190000081578;76002;Україна;Івано-Франківська обл;Франківський;Івано-Франківська;Івано-Франківськ;вул. Хриплинська;null;null;null;null;null;собака;null;2;руда з білим;2-3 роки;null;null;null;null;ІСТИНА;"КП ""Полігон ТПВ""";33645903;13.06.2024;UA26040190000081578;76002;Україна;Івано-Франківська обл;Франківський;Івано-Франківська;Івано-Франківськ;вул. Хриплинська;null;null;null;null;null
2428;"КП ""Полігон ТПВ""";3364590;07.06.2024;UA26040190000081578;76000;Україна;Івано-Франківська обл;Франківський;Івано-Франківська;;вул. Вовчинецька ;225г;null;null;null;null;собака;null;1;чорний з підпалом;2-3 роки;null;null;null;null;ІСТИНА;"КП ""Полігон ТПВ""";33645903;12.06.2024;UA26040190000081578;76000;Україна;Івано-Франківська обл;Франківський;Івано-Франківська;;вул. Вовчинецька ;225г;null;null;null;null
2430;"КП ""Полігон ТПВ""";3364590;12.06.2024;UA26040190000081578;77460;Україна;Івано-Франківська обл;Франківський;Івано-Франківська;с.Черніїв;дачі Діброва;null;null;null;null;null;собака;null;2;руда з білим;2-3 роки;null;null;null;null;ІСТИНА;"КП ""Полігон ТПВ""";33645903;15.06.2024;UA26040190000081578;77460;Україна;Івано-Франківська обл;Франківський;Івано-Франківська;с.Черніїв;дачі Діброва;null;null;null;null;null
2431;"КП ""Полігон ТПВ""";3364590;11.06.2024;UA26040190000081578;76018;Україна;Івано-Франківська обл;Франківський;Івано-Франківська;;вул.Страчених;null;null;null;null;null;собака;null;1;трьохколірний;2-3 роки;null;null;null;null;ІСТИНА;"КП ""Полігон ТПВ""";33645903;15.06.2024;UA26040190000081578;76018;Україна;Івано-Франківська обл;Франківський;Івано-Франківська;;вул.Страчених;null;null;null;null;null
2432;"КП ""Полігон ТПВ""";3364590;15.06.2024;UA26040190000081578;76005;Україна;Івано-Франківська обл;Франківський;Івано-Франківська;Івано-Франківськ;вул.Довженка;39;null;null;null;null;собака;null;2;руда з чорним;3-6 років;null;null;null;null;ІСТИНА;"КП ""Полігон ТПВ""";33645903;17.06.2024;UA26040190000081578;76005;Україна;Івано-Франківська обл;Франківський;Івано-Франківська;Івано-Франківськ;вул.Довженка;39;null;null;null;null
2433;"КП ""Полігон ТПВ""";3364590;13.06.2024;UA26040190000081578;76493;Україна;Івано-Франківська обл;Франківський;Івано-Франківська;с.Крихівці;null;null;null;null;null;null;собака;null;2;біла;1 рік;null;null;null;null;ІСТИНА;"КП ""Полігон ТПВ""";33645903;22.06.2024;UA26040190000081578;76493;Україна;Івано-Франківська обл;Франківський;Івано-Франківська;с.Крихівці;null;null;null;null;null;null
2434;"КП ""Полігон ТПВ""";3364590;16.06.2024;UA26040190000081578;77400;Україна;Івано-Франківська обл;Франківський;Івано-Франківська;м. Тисмениця;null;null;null;null;null;null;собака;null;2;руда з чорним;3-6 років;null;null;null;null;ІСТИНА;"КП ""Полігон ТПВ""";33645903;24.06.2024;UA26040190000081578;77400;Україна;Івано-Франківська обл;Франківський;Івано-Франківська;м. Тисмениця;null;null;null;null;null;null
2435;"КП ""Полігон ТПВ""";3364590;09.06.2024;UA26040190000081578;76493;Україна;Івано-Франківська обл;Франківський;Івано-Франківська;с.Крихівці;військова частиина;null;null;null;null;null;собака;null;2;руда;2-3 роки;null;null;null;null;ІСТИНА;"КП ""Полігон ТПВ""";33645903;19.06.2024;UA26040190000081578;76493;Україна;Івано-Франківська обл;Франківський;Івано-Франківська;с.Крихівці;військова частиина;null;null;null;null;null
2436;"КП ""Полігон ТПВ""";3364590;19.06.2024;UA26040190000081578;76014;Україна;Івано-Франківська обл;Франківський;Івано-Франківська;Івано-Франківськ;вул.Медична;null;null;null;null;null;собака;null;2;чорна з білим ;3-6 років;null;null;null;null;ІСТИНА;"КП ""Полігон ТПВ""";33645903;23.06.2024;UA26040190000081578;76014;Україна;Івано-Франківська обл;Франківський;Івано-Франківська;Івано-Франківськ;вул.Медична;null;null;null;null;null
2437;"КП ""Полігон ТПВ""";3364590;19.06.2024;UA26040190000081578;77457;Україна;Івано-Франківська обл;Франківський;Івано-Франківська;с. Радча;null;null;null;null;null;null;собака;null;2;біла;2-3 роки;null;null;null;null;ІСТИНА;"КП ""Полігон ТПВ""";33645903;23.06.2024;UA26040190000081578;77457;Україна;Івано-Франківська обл;Франківський;Івано-Франківська;с. Радча;null;null;null;null;null;null
2439;"КП ""Полігон ТПВ""";3364590;22.06.2024;UA26040190000081578;76005;Україна;Івано-Франківська обл;Франківський;Івано-Франківська;Івано-Франківськ;вул. Довженка;null;null;null;null;null;собака;null;2;руда з чорним;1 рік;null;null;null;null;ІСТИНА;"КП ""Полігон ТПВ""";33645903;24.06.2024;UA26040190000081578;76005;Україна;Івано-Франківська обл;Франківський;Івано-Франківська;Івано-Франківськ;вул. Довженка;null;null;null;null;null
2440;"КП ""Полігон ТПВ""";3364590;24.06.2024;UA26040190000081578;76018;Україна;Івано-Франківська обл;Франківський;Івано-Франківська;Івано-Франківськ;вул. Галицька;null;null;null;null;null;собака;null;2;чепрана;2-3 роки;null;null;null;null;ІСТИНА;"КП ""Полігон ТПВ""";33645903;01.07.2024;UA26040190000081578;76018;Україна;Івано-Франківська обл;Франківський;Івано-Франківська;Івано-Франківськ;вул. Галицька;null;null;null;null;null
2441;"КП ""Полігон ТПВ""";3364590;24.06.2024;UA26040190000081578;76018;Україна;Івано-Франківська обл;Франківський;Івано-Франківська;Івано-Франківськ;вул. Галицька;null;null;null;null;null;собака;null;2;чорна з підпалом;1 рік;null;null;null;null;ІСТИНА;"КП ""Полігон ТПВ""";33645903;01.07.2024;UA26040190000081578;76018;Україна;Івано-Франківська обл;Франківський;Івано-Франківська;Івано-Франківськ;вул. Галицька;null;null;null;null;null
2442;"КП ""Полігон ТПВ""";3364590;27.06.2024;UA26040190000081578;76014;Україна;Івано-Франківська обл;Франківський;Івано-Франківська;Івано-Франківськ;вул. Коновальця;null;null;null;null;null;собака;null;2;чорна з підпалом;2-3 роки;null;null;null;null;ІСТИНА;"КП ""Полігон ТПВ""";33645903;02.07.2024;UA26040190000081578;76014;Україна;Івано-Франківська обл;Франківський;Івано-Франківська;Івано-Франківськ;вул. Коновальця;null;null;null;null;null
2443;"КП ""Полігон ТПВ""";3364590;27.06.2024;UA26040190000081578;35646;Україна;Івано-Франківська обл;Франківський;Івано-Франківська;с.Підлужжя;дачі Нива;null;null;null;null;null;собака;null;2;чорна з підпалом;2-3 роки;null;null;null;null;ІСТИНА;"КП ""Полігон ТПВ""";33645903;28.06.2024;UA26040190000081578;35646;Україна;Івано-Франківська обл;Франківський;Івано-Франківська;с.Підлужжя;дачі Нива;null;null;null;null;null
2444;"КП ""Полігон ТПВ""";3364590;27.06.2024;UA26040190000081578;77457;Україна;Івано-Франківська обл;Франківський;Івано-Франківська;с.Радча;null;null;null;null;null;null;собака;null;2;чорна з підпалом;2-3 роки;null;null;null;null;ІСТИНА;"КП ""Полігон ТПВ""";33645903;01.07.2024;UA26040190000081578;77457;Україна;Івано-Франківська обл;Франківський;Івано-Франківська;с.Радча;null;null;null;null;null;null
2445;"КП ""Полігон ТПВ""";3364590;27.06.2024;UA26040190000081578;77457;Україна;Івано-Франківська обл;Франківський;Івано-Франківська;с.Радча;null;null;null;null;null;null;собака;null;2;світлоруда;2-3 роки;null;null;null;null;ІСТИНА;"КП ""Полігон ТПВ""";33645903;02.07.2024;UA26040190000081578;77457;Україна;Івано-Франківська обл;Франківський;Івано-Франківська;с.Радча;null;null;null;null;null;null
2446;"КП ""Полігон ТПВ""";3364590;02.07.2024;UA26040190000081578;76005;Україна;Івано-Франківська обл;Франківський;Івано-Франківська;Івано-Франківськ;вул.Довженка;null;null;null;null;null;собака;null;2;сіра;2-3 роки;null;null;null;null;ІСТИНА;"КП ""Полігон ТПВ""";33645903;06.07.2024;UA26040190000081578;76005;Україна;Івано-Франківська обл;Франківський;Івано-Франківська;Івано-Франківськ;вул.Довженка;null;null;null;null;null
2448;"КП ""Полігон ТПВ""";3364590;02.07.2024;UA26040190000081578;76019;Україна;Івано-Франківська обл;Франківський;Івано-Франківська;Івано-Франківськ;вул. Галицька;null;null;null;null;null;собака;null;2;руда з білим;2-3 роки;null;null;null;null;ІСТИНА;"КП ""Полігон ТПВ""";33645903;06.07.2024;UA26040190000081578;76019;Україна;Івано-Франківська обл;Франківський;Івано-Франківська;Івано-Франківськ;вул. Галицька;null;null;null;null;null
2449;"КП ""Полігон ТПВ""";3364590;10.07.2024;UA26040190000081578;76005;Україна;Івано-Франківська обл;Франківський;Івано-Франківська;Івано-Франківськ;вул.Довженка;null;null;null;null;null;собака;null;2;чорна з підпалом;1 рік;null;null;null;null;ІСТИНА;"КП ""Полігон ТПВ""";33645903;22.07.2024;UA26040190000081578;76005;Україна;Івано-Франківська обл;Франківський;Івано-Франківська;Івано-Франківськ;вул.Довженка;null;null;null;null;null
2450;"КП ""Полігон ТПВ""";3364590;18.07.2024;UA26040190000081578;76491;Україна;Івано-Франківська обл;Франківський;Івано-Франківська;с.Вовчинець;вул.Гайдея;null;null;null;null;null;собака;null;2;білоруда;1 рік;null;null;null;null;ІСТИНА;"КП ""Полігон ТПВ""";33645903;22.07.2024;UA26040190000081578;76491;Україна;Івано-Франківська обл;Франківський;Івано-Франківська;с.Вовчинець;вул.Гайдея;null;null;null;null;null
2451;"КП ""Полігон ТПВ""";3364590;17.07.2024;UA26040190000081578;76002;Україна;Івано-Франківська обл;Франківський;Івано-Франківська;Івано-Франківськ;вул.Деповська;6а;null;null;null;null;собака;null;2;чорна з підпалом;1 рік;null;null;null;null;ІСТИНА;"КП ""Полігон ТПВ""";33645903;25.07.2024;UA26040190000081578;76002;Україна;Івано-Франківська обл;Франківський;Івано-Франківська;Івано-Франківськ;вул.Деповська;6а;null;null;null;null
2452;"КП ""Полігон ТПВ""";3364590;24.07.2024;UA26040190000081578;76008;Україна;Івано-Франківська обл;Франківський;Івано-Франківська;Івано-Франківськ;вул.Тролейбусна;24;null;null;null;null;собака;null;1;чорний з підпалом;2-3 роки;null;null;null;null;ІСТИНА;"КП ""Полігон ТПВ""";33645903;27.07.2024;UA26040190000081578;76008;Україна;Івано-Франківська обл;Франківський;Івано-Франківська;Івано-Франківськ;вул.Тролейбусна;24;null;null;null;null
2453;"КП ""Полігон ТПВ""";3364590;26.07.2024;UA26040190000081578;77441;Україна;Івано-Франківська обл;Франківський;Івано-Франківська;с. Підпечари;вул.Тисминецька;206;null;null;null;null;собака;null;2;сіра;2-3 роки;null;null;null;null;ІСТИНА;"КП ""Полігон ТПВ""";33645903;30.07.2024;UA26040190000081578;77441;Україна;Івано-Франківська обл;Франківський;Івано-Франківська;с. Підпечари;вул.Тисминецька;206;null;null;null;null
2454;"КП ""Полігон ТПВ""";3364590;26.07.2024;UA26040190000081578;77441;Україна;Івано-Франківська обл;Франківський;Івано-Франківська;с. Підпечари;вул.Тисминецька;206;null;null;null;null;собака;null;2;чорна;2-3 роки;null;null;null;null;ІСТИНА;"КП ""Полігон ТПВ""";33645903;30.07.2024;UA26040190000081578;77441;Україна;Івано-Франківська обл;Франківський;Івано-Франківська;с. Підпечари;вул.Тисминецька;206;null;null;null;null
2455;"КП ""Полігон ТПВ""";3364590;29.07.2024;UA26040190000081578;77434;Україна;Івано-Франківська обл;Франківський;Івано-Франківська;с.Узин;null;null;null;null;null;null;собака;null;2;білоруда;2-3 роки;null;null;null;null;ІСТИНА;"КП ""Полігон ТПВ""";33645903;04.08.2024;UA26040190000081578;77434;Україна;Івано-Франківська обл;Франківський;Івано-Франківська;с.Узин;null;null;null;null;null;null
2456;"КП ""Полігон ТПВ""";3364590;02.08.2024;UA26040190000081578;76009;Україна;Івано-Франківська обл;Франківський;Івано-Франківська;Івано-Франківськ;вул. Б. Хмельницького;null;null;null;null;null;собака;null;2;сіра;3-6 років;null;null;null;null;ІСТИНА;"КП ""Полігон ТПВ""";33645903;08.08.2024;UA26040190000081578;76009;Україна;Івано-Франківська обл;Франківський;Івано-Франківська;Івано-Франківськ;вул. Б. Хмельницького;null;null;null;null;null
2457;"КП ""Полігон ТПВ""";3364590;01.08.2024;UA26040190000081578;76009;Україна;Івано-Франківська обл;Франківський;Івано-Франківська;Івано-Франківськ;вул. Б. Хмельницького;null;null;null;null;null;собака;null;2;руда;3-6 років;null;null;null;null;ІСТИНА;"КП ""Полігон ТПВ""";33645903;08.08.2024;UA26040190000081578;76009;Україна;Івано-Франківська обл;Франківський;Івано-Франківська;Івано-Франківськ;вул. Б. Хмельницького;null;null;null;null;null
2458;"КП ""Полігон ТПВ""";3364590;01.08.2024;UA26040190000081578;76018;Україна;Івано-Франківська обл;Франківський;Івано-Франківська;Івано-Франківськ;вул. Чорновола ;null;null;null;null;null;собака;null;2;біла з коричневим;2-3 роки;null;null;null;null;ІСТИНА;"КП ""Полігон ТПВ""";33645903;07.08.2024;UA26040190000081578;76018;Україна;Івано-Франківська обл;Франківський;Івано-Франківська;Івано-Франківськ;вул. Чорновола ;null;null;null;null;null
2459;"КП ""Полігон ТПВ""";3364590;01.08.2024;UA26040190000081578;76018;Україна;Івано-Франківська обл;Франківський;Івано-Франківська;Івано-Франківськ;вул. Чорновола ;null;null;null;null;null;собака;null;2;біла з чорним;2-3 роки;null;null;null;null;ІСТИНА;"КП ""Полігон ТПВ""";33645903;07.08.2024;UA26040190000081578;76018;Україна;Івано-Франківська обл;Франківський;Івано-Франківська;Івано-Франківськ;вул. Чорновола ;null;null;null;null;null
2460;"КП ""Полігон ТПВ""";3364590;02.08.2024;UA26040190000081578;77441;Україна;Івано-Франківська обл;Франківський;Івано-Франківська;с. Підпечари;null;null;null;null;null;null;собака;null;2;чорна;3-6 років;null;null;null;null;ІСТИНА;"КП ""Полігон ТПВ""";33645903;10.08.2024;UA26040190000081578;77441;Україна;Івано-Франківська обл;Франківський;Івано-Франківська;с. Підпечари;null;null;null;null;null;null
2461;"КП ""Полігон ТПВ""";3364590;07.08.2024;UA26040190000081578;76492;Україна;Івано-Франківська обл;Франківський;Івано-Франківська;с. Микитинці;вул. Тисминецька;null;null;null;null;null;собака;null;2;біла;3-6 років;null;null;null;null;ІСТИНА;"КП ""Полігон ТПВ""";33645903;15.08.2024;UA26040190000081578;76492;Україна;Івано-Франківська обл;Франківський;Івано-Франківська;с. Микитинці;вул. Тисминецька;null;null;null;null;null
2462;"КП ""Полігон ТПВ""";3364590;07.08.2024;UA26040190000081578;76014;Україна;Івано-Франківська обл;Франківський;Івано-Франківська;Івано-Франківськ;ул. Коновальця;264б;null;null;null;null;собака;null;2;чорна;3-6 років;null;null;null;null;ІСТИНА;"КП ""Полігон ТПВ""";33645903;11.08.2024;UA26040190000081578;76014;Україна;Івано-Франківська обл;Франківський;Івано-Франківська;Івано-Франківськ;ул. Коновальця;264б;null;null;null;null
2463;"КП ""Полігон ТПВ""";3364590;08.08.2024;UA26040190000081578;76008;Україна;Івано-Франківська обл;Франківський;Івано-Франківська;Івано-Франківськ;Калужське шосе;32а;null;null;null;null;собака;null;2;чорна;2-3 роки;null;null;null;null;ІСТИНА;"КП ""Полігон ТПВ""";33645903;null;UA26040190000081578;76008;Україна;Івано-Франківська обл;Франківський;Івано-Франківська;Івано-Франківськ;Калужське шосе;32а;null;null;null;null
2464;"КП ""Полігон ТПВ""";3364590;10.08.2024;UA26040190000081578;77441;Україна;Івано-Франківська обл;Франківський;Івано-Франківська;с. Підпечари;вул.Тисминецька;20б;null;null;null;null;собака;null;2;біла;3-6 років;null;null;null;null;ІСТИНА;"КП ""Полігон ТПВ""";33645903;null;UA26040190000081578;77441;Україна;Івано-Франківська обл;Франківський;Івано-Франківська;с. Підпечари;вул.Тисминецька;20б;null;null;null;null
2465;"КП ""Полігон ТПВ""";3364590;10.08.2024;UA26040190000081578;77441;Україна;Івано-Франківська обл;Франківський;Івано-Франківська;с. Підпечари;вул.Тисминецька;20б;null;null;null;null;собака;null;2;чорна;3-6 років;null;null;null;null;ІСТИНА;"КП ""Полігон ТПВ""";33645903;null;UA26040190000081578;77441;Україна;Івано-Франківська обл;Франківський;Івано-Франківська;с. Підпечари;вул.Тисминецька;20б;null;null;null;null
2466;"КП ""Полігон ТПВ""";3364590;12.08.2024;UA26040190000081578;76018;Україна;Івано-Франківська обл;Франківський;Івано-Франківська;Івано-Франківськ;вул. Чорновола ;null;null;null;null;null;собака;null;2;біла з чорним;3-6 років;null;null;null;null;ІСТИНА;"КП ""Полігон ТПВ""";33645903;null;UA26040190000081578;76018;Україна;Івано-Франківська обл;Франківський;Івано-Франківська;Івано-Франківськ;вул. Чорновола ;null;null;null;null;null
2467;"КП ""Полігон ТПВ""";3364590;12.08.2024;UA26040190000081578;76018;Україна;Івано-Франківська обл;Франківський;Івано-Франківська;Івано-Франківськ;вул. Чорновола ;null;null;null;null;null;собака;null;2;руда;3-6 років;null;null;null;null;ІСТИНА;"КП ""Полігон ТПВ""";33645903;null;UA26040190000081578;76018;Україна;Івано-Франківська обл;Франківський;Івано-Франківська;Івано-Франківськ;вул. Чорновола ;null;null;null;null;null
2468;"КП ""Полігон ТПВ""";3364590;15.08.2024;UA26040190000081578;76492;Україна;Івано-Франківська обл;Франківський;Івано-Франківська;с. Микитинці;вул.Тисминецька;1;null;null;null;null;собака;null;2;біла з чорним;2-3 роки;null;null;null;null;ІСТИНА;"КП ""Полігон ТПВ""";33645903;null;UA26040190000081578;76492;Україна;Івано-Франківська обл;Франківський;Івано-Франківська;с. Микитинці;вул.Тисминецька;1;null;null;null;null
4669;"КП ""Полігон ТПВ""";3364590;15.08.2024;UA26040190000081578;76014;Україна;Івано-Франківська обл;Франківський;Івано-Франківська;Івано-Франківськ;вул. Коновальця;коледж торгівлі;null;null;null;null;собака;null;2;чорна;2-3 роки;null;null;null;null;ІСТИНА;"КП ""Полігон ТПВ""";33645903;null;UA26040190000081578;76014;Україна;Івано-Франківська обл;Франківський;Івано-Франківська;Івано-Франківськ;вул. Коновальця;коледж торгівлі;null;null;null;null
2470;"КП ""Полігон ТПВ""";3364590;20.08.2024;UA26040190000081578;78432;Україна;Івано-Франківська обл;Франківський;Івано-Франківська;Івано-Франківськ;вул.Пасічна;магазин Барбарис;null;null;null;null;собака;null;2;руда;2-3 роки;null;null;null;null;ІСТИНА;"КП ""Полігон ТПВ""";33645903;null;UA26040190000081578;78432;Україна;Івано-Франківська обл;Франківський;Івано-Франківська;Івано-Франківськ;вул.Пасічна;магазин Барбарис;null;null;null;null
2471;"КП ""Полігон ТПВ""";3364590;13.08.2024;UA26040190000081578;76009;Україна;Івано-Франківська обл;Франківський;Івано-Франківська;Івано-Франківськ;вул. Б. Хмельницького;null;null;null;null;null;собака;null;2;чепрана;2-3 роки;null;null;null;null;ІСТИНА;"КП ""Полігон ТПВ""";33645903;null;UA26040190000081578;76009;Україна;Івано-Франківська обл;Франківський;Івано-Франківська;Івано-Франківськ;вул. Б. Хмельницького;null;null;null;null;null
2472;"КП ""Полігон ТПВ""";3364590;23.08.2024;UA26040190000081578;76491;Україна;Івано-Франківська обл;Франківський;Івано-Франківська;с.Вовчинець;вул.Гайдея;null;null;null;null;null;собака;null;2;руда;6-8 років;null;null;null;null;ІСТИНА;"КП ""Полігон ТПВ""";33645903;null;UA26040190000081578;76491;Україна;Івано-Франківська обл;Франківський;Івано-Франківська;с.Вовчинець;вул.Гайдея;null;null;null;null;null
2473;"КП ""Полігон ТПВ""";3364590;23.08.2024;UA26040190000081578;76494;Україна;Івано-Франківська обл;Франківський;Івано-Франківська;Івано-Франківськ;вул. Юності;АЗС;null;null;null;null;собака;null;2;чепрана;2-3 роки;null;null;null;null;ІСТИНА;"КП ""Полігон ТПВ""";33645903;null;UA26040190000081578;76494;Україна;Івано-Франківська обл;Франківський;Івано-Франківська;Івано-Франківськ;вул. Юності;АЗС;null;null;null;null
2477;"КП ""Полігон ТПВ""";3364590;20.08.2024;UA26040190000081578;76008;Україна;Івано-Франківська обл;Франківський;Івано-Франківська;Івано-Франківськ;вул.Горбачевськог;50;null;null;null;null;собака;null;2;чорна з підпалом;2-3 роки;null;null;null;null;ІСТИНА;"КП ""Полігон ТПВ""";33645903;11.09.2024;UA26040190000081578;77424;Україна;Івано-Франківська обл;Франківський;Івано-Франківська;с.Павлівка;пункт перетримки;;null;null;null;null
2479;"КП ""Полігон ТПВ""";3364590;04.09.2024;UA26040190000081578;76493;Україна;Івано-Франківська обл;Франківський;Івано-Франківська;с.Крихівці;null;null;null;null;null;null;собака;null;2;чепрана;2-3 роки;null;null;null;null;ІСТИНА;"КП ""Полігон ТПВ""";33645903;06.09.2024;UA26040190000081578;76493;Україна;Івано-Франківська обл;Франківський;Івано-Франківська;с.Крихівці;null;null;null;null;null;null
2481;"КП ""Полігон ТПВ""";3364590;09.09.2024;UA26040190000081578;76493;Україна;Івано-Франківська обл;Франківський;Івано-Франківська;с.Крихівці;null;null;null;null;null;null;собака;null;2;чорна з підпалом;2-3 роки;null;null;null;null;ІСТИНА;"КП ""Полігон ТПВ""";33645903;null;UA26040190000081578;76493;Україна;Івано-Франківська обл;Франківський;Івано-Франківська;с.Крихівці;null;null;null;null;null;null
2482;"КП ""Полігон ТПВ""";3364590;11.09.2024;UA26040190000081578;76014;Україна;Івано-Франківська обл;Франківський;Івано-Франківська;с. Опришівці;вул. Затишна;null;null;null;null;null;собака;null;2;чорна з підпалом;2-3 роки;null;null;null;null;ІСТИНА;"КП ""Полігон ТПВ""";33645903;17.09.2024;UA26040190000081578;77451;Україна;Івано-Франківська обл;Франківський;Івано-Франківська;с.Підлісся;вул.Польова;null;null;null;null;null
2483;"КП ""Полігон ТПВ""";3364590;12.09.2024;UA26040190000081578;76009;Україна;Івано-Франківська обл;Франківський;Івано-Франківська;Івано-Франківськ;вул. Івана Павла II;null;null;null;null;null;собака;null;2;сіра;3-6 років;null;null;null;null;ІСТИНА;"КП ""Полігон ТПВ""";33645903;null;UA26040190000081578;76009;Україна;Івано-Франківська обл;Франківський;Івано-Франківська;Івано-Франківськ;вул. Івана Павла II;null;null;null;null;null
2485;"КП ""Полігон ТПВ""";3364590;18.09.2024;UA26040190000081578;76495;Україна;Івано-Франківська обл;Франківський;Івано-Франківська;с.Хриплин;null;null;null;null;null;null;собака;null;2;чорна з підпалом;1 рік;null;null;null;null;ІСТИНА;"КП ""Полігон ТПВ""";33645903;null;UA26040190000081578;76495;Україна;Івано-Франківська обл;Франківський;Івано-Франківська;с.Хриплин;null;null;null;null;null;null
2487;"КП ""Полігон ТПВ""";3364590;23.09.2024;UA26040190000081578;76491;Україна;Івано-Франківська обл;Франківський;Івано-Франківська;с.Вовчинець;вул.Гайдея;null;null;null;null;null;собака;null;2;чорна;2-3 роки;null;null;null;null;ІСТИНА;"КП ""Полігон ТПВ""";33645903;null;UA26040190000081578;76491;Україна;Івано-Франківська обл;Франківський;Івано-Франківська;с.Вовчинець;вул.Гайдея;null;null;null;null;null
2490;"КП ""Полігон ТПВ""";3364590;01.10.2024;UA26040190000081578;77455;Україна;Івано-Франківська обл;Франківський;Івано-Франківська;с.Лисець;Полігон;null;null;null;null;null;собака;null;2;біла;2-3 роки;null;null;null;null;ІСТИНА;"КП ""Полігон ТПВ""";33645903;09.10.2024;UA26040190000081578;77424;Україна;Івано-Франківська обл;Франківський;Івано-Франківська;с.Павлівка;пункт перетримки;null;null;null;null;null
2491;"КП ""Полігон ТПВ""";3364590;02.10.2024;UA26040190000081578;77441;Україна;Івано-Франківська обл;Франківський;Івано-Франківська;с. Підпечари;null;null;null;null;null;null;собака;null;2;руда;2-3 роки;null;null;null;null;ІСТИНА;"КП ""Полігон ТПВ""";33645903;08.10.2024;UA26040190000081578;77441;Україна;Івано-Франківська обл;Франківський;Івано-Франківська;с. Підпечари;null;null;null;null;null;null
2493;"КП ""Полігон ТПВ""";3364590;02.10.2024;UA26040190000081578;77470;Україна;Івано-Франківська обл;Франківський;Івано-Франківська;с.Марківці;null;null;null;null;null;null;собака;null;2;чорна;2-3 роки;null;null;null;null;ІСТИНА;"КП ""Полігон ТПВ""";33645903;07.10.2024;UA26040190000081578;77470;Україна;Івано-Франківська обл;Франківський;Івано-Франківська;с.Марківці;null;null;null;null;null;null
2494;"КП ""Полігон ТПВ""";3364590;03.10.2024;UA26040190000081578;77455;Україна;Івано-Франківська обл;Франківський;Івано-Франківська;с.Лисець;Полігон;null;null;null;null;null;собака;null;1;чорний з підпалом;3-6 років;null;null;null;null;ІСТИНА;"КП ""Полігон ТПВ""";33645903;14.10.2024;UA26040190000081578;77455;Україна;Івано-Франківська обл;Франківський;Івано-Франківська;с.Лисець;Полігон;null;null;null;null;null
2495;"КП ""Полігон ТПВ""";3364590;03.10.2024;UA26040190000081578;77455;Україна;Івано-Франківська обл;Франківський;Івано-Франківська;с.Лисець;Полігон;null;null;null;null;null;собака;null;2;біла;3-6 років;null;null;null;null;ІСТИНА;"КП ""Полігон ТПВ""";33645903;09.10.2024;UA26040190000081578;77424;Україна;Івано-Франківська обл;Франківський;Івано-Франківська;с.Павлівка;пункт перетримки;null;null;null;null;null
2496;"КП ""Полігон ТПВ""";3364590;07.10.2024;UA26040190000081578;76495;Україна;Івано-Франківська обл;Франківський;Івано-Франківська;с.Хриплин;дачі;null;null;null;null;null;собака;null;2;чорна;2-3 роки;null;null;null;null;ІСТИНА;"КП ""Полігон ТПВ""";33645903;11.10.2024;UA26040190000081578;76495;Україна;Івано-Франківська обл;Франківський;Івано-Франківська;с.Хриплин;дачі;null;null;null;null;null
2497;"КП ""Полігон ТПВ""";3364590;07.10.2024;UA26040190000081578;77455;Україна;Івано-Франківська обл;Франківський;Івано-Франківська;с.Лисець;Полігон;null;null;null;null;null;собака;null;1;чорнобілий;3-6 років;null;null;null;null;ІСТИНА;"КП ""Полігон ТПВ""";33645903;09.10.2024;UA26040190000081578;77424;Україна;Івано-Франківська обл;Франківський;Івано-Франківська;с.Павлівка;пункт перетримки;null;null;null;null;null
2533;"КП ""Полігон ТПВ""";3364590;12.10.2024;UA26040190000081578;78410;Україна;Івано-Франківська обл;Франківський;Івано-Франківська;Івано-Франківськ;null;null;null;null;null;null;собака;null;2;біло-чорна;null;null;null;null;null;ІСТИНА;"КП ""Полігон ТПВ""";33645903;null;null;78410;Україна;Івано-Франківська;Івано-Франківський;Івано-Франківська;с.Тисменичани;null;null;null;null;null;null
2500;"КП ""Полігон ТПВ""";3364590;22.10.2024;UA26040190000081578;77422;Україна;Івано-Франківська обл;Франківський;Івано-Франківська;с.Ямниця;ПрАТ Івано-Франківськцемент;null;null;null;null;null;собака;null;2;чорна з підпалом;1 рік;null;null;null;null;ІСТИНА;"КП ""Полігон ТПВ""";33645903;28.10.2024;UA26040190000081578;77422;Україна;Івано-Франківська обл;Франківський;Івано-Франківська;с.Ямниця;ПрАТ Івано-Франківськцемент;null;null;null;null;null
2501;"КП ""Полігон ТПВ""";3364590;22.10.2024;UA26040190000081578;77422;Україна;Івано-Франківська обл;Франківський;Івано-Франківська;с.Ямниця;ПрАТ Івано-Франківськцемент;null;null;null;null;null;собака;null;2;чорна з підпалом;1 рік;null;null;null;null;ІСТИНА;"КП ""Полігон ТПВ""";33645903;28.10.2024;UA26040190000081578;77422;Україна;Івано-Франківська обл;Франківський;Івано-Франківська;с.Ямниця;ПрАТ Івано-Франківськцемент;null;null;null;null;null
2502;"КП ""Полігон ТПВ""";3364590;23.10.2024;UA26040190000081578;77455;Україна;Івано-Франківська обл;Франківський;Івано-Франківська;с.Лисець;Полігон;null;null;null;null;null;собака;null;2;чорна з підпалом;1 рік;null;null;null;null;ІСТИНА;"КП ""Полігон ТПВ""";33645903;28.10.2024;UA26040190000081578;77424;Україна;Івано-Франківська обл;Франківський;Івано-Франківська;с.Павлівка;пункт перетримки;null;null;null;null;null
2503;"КП ""Полігон ТПВ""";3364590;24.10.2024;UA26040190000081578;76491;Україна;Івано-Франківська обл;Франківський;Івано-Франківська;с.Вовчинець;null;null;null;null;null;null;собака;null;2;чорна з підпалом;1 рік;null;null;null;null;ІСТИНА;"КП ""Полігон ТПВ""";33645903;28.10.2024;UA26040190000081578;76491;Україна;Івано-Франківська обл;Франківський;Івано-Франківська;с.Вовчинець;null;null;null;null;null;null
2504;"КП ""Полігон ТПВ""";3364590;23.10.2024;UA26040190000081578;76000;Україна;Івано-Франківська обл;Франківський;Івано-Франківська;Івано-Франківськ;вул. Федьковича;null;null;null;null;null;собака;null;2;сіра ;1 рік;null;null;null;null;ІСТИНА;"КП ""Полігон ТПВ""";33645903;28.10.2024;UA26040190000081578;76000;Україна;Івано-Франківська обл;Франківський;Івано-Франківська;Івано-Франківськ;вул. Федьковича;null;null;null;null;null
2507;"КП ""Полігон ТПВ""";3364590;29.10.2024;UA26040190000081578;76006;Україна;Івано-Франківська обл;Франківський;Івано-Франківська;Івано-Франківськ;вул. Миколайчука;null;null;null;null;null;собака;null;2;коричнева з підпалом;2-3 роки;null;null;null;null;ІСТИНА;"КП ""Полігон ТПВ""";33645903;04.11.2024;UA26040190000081578;76006;Україна;Івано-Франківська обл;Франківський;Івано-Франківська;Івано-Франківськ;вул. Миколайчука;null;null;null;null;null
2508;"КП ""Полігон ТПВ""";3364590;29.10.2024;UA26040190000081578;77455;Україна;Івано-Франківська обл;Франківський;Івано-Франківська;с.Лисець;Полігон;null;null;null;null;null;собака;null;2;чорна з підпалом;2-3 роки;null;null;null;null;ІСТИНА;"КП ""Полігон ТПВ""";33645903;null;UA26040190000081578;77424;Україна;Івано-Франківська обл;Франківський;Івано-Франківська;с.Павлівка;пункт перетримки;null;null;null;null;null
2509;"КП ""Полігон ТПВ""";3364590;29.10.2024;UA26040190000081578;77455;Україна;Івано-Франківська обл;Франківський;Івано-Франківська;с.Лисець;Полігон;null;null;null;null;null;собака;null;2;світлоруда;2-3 роки;null;null;null;null;ІСТИНА;"КП ""Полігон ТПВ""";33645903;04.11.2024;UA26040190000081578;77424;Україна;Івано-Франківська обл;Франківський;Івано-Франківська;с.Павлівка;пункт перетримки;null;null;null;null;null
2510;"КП ""Полігон ТПВ""";3364590;31.10.2024;UA26040190000081578;77422;Україна;Івано-Франківська обл;Франківський;Івано-Франківська;с.Ямниця;null;null;null;null;null;null;собака;null;2;біла;2-3 роки;null;null;null;null;ІСТИНА;"КП ""Полігон ТПВ""";33645903;05.11.2024;UA26040190000081578;77422;Україна;Івано-Франківська обл;Франківський;Івано-Франківська;с.Ямниця;null;null;null;null;null;null
2511;"КП ""Полігон ТПВ""";3364590;31.10.2024;UA26040190000081578;77422;Україна;Івано-Франківська обл;Франківський;Івано-Франківська;с.Ямниця;null;null;null;null;null;null;собака;null;1;чорний;2-3 роки;null;null;null;null;ІСТИНА;"КП ""Полігон ТПВ""";33645903;05.11.2024;UA26040190000081578;77422;Україна;Івано-Франківська обл;Франківський;Івано-Франківська;с.Ямниця;null;null;null;null;null;null
2512;"КП ""Полігон ТПВ""";3364590;05.11.2024;UA26040190000081578;76010;Україна;Івано-Франківська обл;Франківський;Івано-Франківська;Івано-Франківськ;вул.Довга;null;null;null;null;null;собака;null;1;рудий з підпалом;2-3 роки;null;null;null;null;ІСТИНА;"КП ""Полігон ТПВ""";33645903;07.11.2024;UA26040190000081578;76010;Україна;Івано-Франківська обл;Франківський;Івано-Франківська;Івано-Франківськ;вул.Довга;null;null;null;null;null
2517;"КП ""Полігон ТПВ""";3364590;15.11.2024;UA26040190000081578;77458;Україна;Івано-Франківська обл;Франківський;Івано-Франківська;с.Чукалівка;міське кладовище;null;null;null;null;null;собака;null;1;чорний з підпалом;2-3 роки;null;null;null;null;ІСТИНА;"КП ""Полігон ТПВ""";33645903;18.11.2024;UA26040190000081578;77424;Україна;Івано-Франківська обл;Франківський;Івано-Франківська;с.Павлівка;пункт перетримки;null;null;null;null;null
2518;"КП ""Полігон ТПВ""";3364590;2024-18-11;UA26040190000081578;78432;Україна;Івано-Франківська обл;Франківський;Івано-Франківська;Івано-Франківськ;вул.Пасічна;78;null;null;null;null;собака;null;2;біла з чорним;null;null;null;null;null;ІСТИНА;"КП ""Полігон ТПВ""";33645903;2024-22-11;UA26040190000081578;78432;Україна;Івано-Франківська;Івано-Франківський;Івано-Франківська;Івано-Франківськ;вул.Пасічна;null;null;null;null;null
2519;"КП ""Полігон ТПВ""";3364590;2024-18-11;UA26040190000081578;78432;Україна;Івано-Франківська обл;Франківський;Івано-Франківська;Івано-Франківськ;вул.Пасічна;78;null;null;null;null;собака;null;2;сіра;null;null;null;null;null;ІСТИНА;"КП ""Полігон ТПВ""";33645903;2024-22-11;UA26040190000081578;78432;Україна;Івано-Франківська;Івано-Франківський;Івано-Франківська;Івано-Франківськ;вул.Пасічна;null;null;null;null;null
2520;"КП ""Полігон ТПВ""";3364590;2024-18-11;UA26040190000081578;76494;Україна;Івано-Франківська обл;Франківський;Івано-Франківська;Івано-Франківськ;вул.Юнсті;null;null;null;null;null;собака;null;2;біло-руда;null;null;null;null;null;ІСТИНА;"КП ""Полігон ТПВ""";33645903;2024-25-11;UA26040190000081578;76494;Україна;Івано-Франківська;Івано-Франківський;Івано-Франківська;Івано-Франківськ;вул.Юнсті;null;null;null;null;null
2521;"КП ""Полігон ТПВ""";3364590;2024-19-11;UA26040190000081578;77457;Україна;Івано-Франківська обл;Франківський;Івано-Франківська;Івано-Франківськ;вул.Миру;null;null;null;null;null;собака;null;2;чорний;null;null;null;null;null;ІСТИНА;"КП ""Полігон ТПВ""";33645903;2024-22-11;UA26040190000081578;77457;Україна;Івано-Франківська;Івано-Франківський;Івано-Франківська;Радча;вул.Миру;null;null;null;null;null
2522;"КП ""Полігон ТПВ""";3364590;2024-20-11;UA26040190000081578;76006;Україна;Івано-Франківська обл;Франківський;Івано-Франківська;Івано-Франківськ;вул.Максимовича;8;null;null;null;null;собака;null;1;темнорудий;null;null;null;null;null;ІСТИНА;"КП ""Полігон ТПВ""";33645903;2024-20-11;UA26040190000081578;76006;Україна;Івано-Франківська;Івано-Франківський;Івано-Франківська;Івано-Франківськ;вул.Максимовича;null;null;null;null;null
2523;"КП ""Полігон ТПВ""";3364590;26.11.2024;UA26040190000081578;77457;Україна;Івано-Франківська обл;Франківський;Івано-Франківська;с.Радча;підприємство електросвіт;;null;null;null;null;собака;null;1;руда;2-3 роки;null;null;null;null;ІСТИНА;"КП ""Полігон ТПВ""";33645903;2024-28-11;UA26040190000081578;77457;Україна;Івано-Франківська обл;Франківський;Івано-Франківська;с.Радча;підприємство електросвіт;;null;null;null;null
2527;"КП ""Полігон ТПВ""";3364590;29.11.2024;UA26040190000081578;76018;Україна;Івано-Франківська обл;Франківський;Івано-Франківська;Івано-Франківськ;вул. Чорновола ;аеродром;null;null;null;null;собака;null;2;біла;3-6 років;null;null;null;null;ІСТИНА;"КП ""Полігон ТПВ""";33645903;null;UA26040190000081578;76018;Україна;Івано-Франківська обл;Франківський;Івано-Франківська;Івано-Франківськ;вул. Чорновола ;аеродром;null;null;null;null
2528;"КП ""Полігон ТПВ""";3364590;03.12.2024;UA26040190000081578;76492;Україна;Івано-Франківська обл;Франківський;Івано-Франківська;с.Угорники;вул.Тополина ;null;null;null;null;null;собака;null;2;чорна;1 рік;null;null;null;null;ІСТИНА;"КП ""Полігон ТПВ""";33645903;09.12.2024;UA26040190000081578;76492;Україна;Івано-Франківська обл;Франківський;Івано-Франківська;с.Угорники;вул.Тополина ;null;null;null;null;null
2536;"КП ""Полігон ТПВ""";3364590;18.12.2024;UA26040190000081578;76018;Україна;Івано-Франківська обл;Франківський;Івано-Франківська;Івано-Франківськ;вул. Мазепи ;null;null;null;null;null;собака;null;2;трьохколірна ;1 рік;null;null;null;null;ІСТИНА;"КП ""Полігон ТПВ""";33645903;24.12.2024;UA26040190000081578;76018;Україна;Івано-Франківська обл;Франківський;Івано-Франківська;Івано-Франківськ;вул. Мазепи ;null;null;null;null;null
2537;"КП ""Полігон ТПВ""";3364590;19.12.2024;UA26040190000081578;76494;Україна;Івано-Франківська обл;Франківський;Івано-Франківська;Івано-Франківськ;вул.Юнсті;null;null;null;null;null;собака;null;2;руда;2-3 роки;null;null;null;null;ІСТИНА;"КП ""Полігон ТПВ""";33645903;26.12.2024;UA26040190000081578;76494;Україна;Івано-Франківська обл;Франківський;Івано-Франківська;Івано-Франківськ;вул.Юнсті;null;null;null;null;null
2538;"КП ""Полігон ТПВ""";3364590;19.12.2024;UA26040190000081578;76494;Україна;Івано-Франківська обл;Франківський;Івано-Франківська;Івано-Франківськ;вул.Юнсті;null;null;null;null;null;собака;null;2;біла;2-3 роки;null;null;null;null;ІСТИНА;"КП ""Полігон ТПВ""";33645903;26.12.2024;UA26040190000081578;76494;Україна;Івано-Франківська обл;Франківський;Івано-Франківська;Івано-Франківськ;вул.Юнсті;null;null;null;null;null
2539;"КП ""Полігон ТПВ""";3364590;23.12.2024;UA26040190000081578;76008;Україна;Івано-Франківська обл;Франківський;Івано-Франківська;Івано-Франківськ;вул.Горбачевськог;null;null;null;null;null;собака;null;2;біло-руда;2-3 роки;null;null;null;null;ІСТИНА;"КП ""Полігон ТПВ""";33645903;27.12.2024;UA26040190000081578;76008;Україна;Івано-Франківська обл;Франківський;Івано-Франківська;Івано-Франківськ;вул.Горбачевськог;null;null;null;null;null
2540;"КП ""Полігон ТПВ""";3364590;23.12.2024;UA26040190000081578;76494;Україна;Івано-Франківська обл;Франківський;Івано-Франківська;Івано-Франківськ;вул.Юнсті;null;null;null;null;null;собака;null;2;сіра з підпалом;2-3 роки;null;null;null;null;ІСТИНА;"КП ""Полігон ТПВ""";33645903;27.12.2024;UA26040190000081578;76494;Україна;Івано-Франківська обл;Франківський;Івано-Франківська;Івано-Франківськ;вул.Юнсті;null;null;null;null;null
2548;"КП ""Полігон ТПВ""";3364590;14.01.2025;UA26040190000081578;76018;Україна;Івано-Франківська обл;Франківський;Івано-Франківська;Івано-Франківськ;вул.Шухевичів;40;null;null;48.913284;24.721088;собака;null;2;чорна;2-3 роки;короткошерстна;40;19;null;ІСТИНА;"КП ""Полігон ТПВ""";33645903;21.01.2025;UA26040190000081578;76018;Україна;Івано-Франківська обл;Франківський;Івано-Франківська;Івано-Франківськ;вул.Шухевичів;40;null;null;48.913284;24.721088
2551;"КП ""Полігон ТПВ""";3364590;21.01.2025;UA26040190000081578;76010;Україна;Івано-Франківська обл;Франківський;Івано-Франківська;Івано-Франківськ;вул.Сотника Дідича;2;null;null;48.921503;24.708541;собака;null;2;біло-руда;2-3 роки;довгошерстна;25;12;null;ІСТИНА;"КП ""Полігон ТПВ""";33645903;23.01.2025;UA26040190000081578;76010;Україна;Івано-Франківська обл;Франківський;Івано-Франківська;Івано-Франківськ;вул.Сотника Дідича;2;null;null;48.921503;24.708541
2546;"КП ""Полігон ТПВ""";3364590;10.01.2025;UA26040190000081578;76018;Україна;Івано-Франківська обл;Франківський;Івано-Франківська;Івано-Франківськ;вул. Шота Руставелі;1;null;null;48.916838;24.725518;собака;null;2;руда;2-3 роки;короткошерстна;50;19;null;ІСТИНА;"КП ""Полігон ТПВ""";33645903;15.01.2025;UA26040190000081578;76018;Україна;Івано-Франківська обл;Франківський;Івано-Франківська;Івано-Франківськ;вул. Шота Руставелі;1;null;null;48.916838;24.725518
2547;"КП ""Полігон ТПВ""";3364590;12.01.2025;UA26040190000081578;76018;Україна;Івано-Франківська обл;Франківський;Івано-Франківська;Івано-Франківськ;вул.Мазепи;164;null;null;48.911017;24.684906;собака;null;2;чорна;2-3 роки;довгошерстна;40;22;null;ІСТИНА;"КП ""Полігон ТПВ""";33645903;21.01.2025;UA26040190000081578;76018;Україна;Івано-Франківська обл;Франківський;Івано-Франківська;Івано-Франківськ;вул.. Мазепи;164;null;null;48.911017;24.684906
2549;"КП ""Полігон ТПВ""";3364590;23.01.2025;UA26040190000081578;76018;Україна;Івано-Франківська обл;Франківський;Івано-Франківська;Івано-Франківськ;вул.Мельника;null;null;null;48.901259;24.714226;собака;null;1;тигровий;3-6 років;короткошерстна;60;49;null;ІСТИНА;"КП ""Полігон ТПВ""";33645903;23.01.2025;UA26040190000081578;76018;Україна;Івано-Франківська обл;Франківський;Івано-Франківська;Івано-Франківськ;вул.. Коновальця ;район Велмарт;null;null;48.901259;24.714226
2550;"КП ""Полігон ТПВ""";3364590;17.01.2025;UA26040190000081578;76495;Україна;Івано-Франківська обл;Франківський;Івано-Франківська;Івано-Франківськ;вул.Автоливмашівська;6;null;null;48.890710;24.748759;собака;null;2;чорна з підпалом;3-6 років;короткошерстна;60;41;null;ІСТИНА;"КП ""Полігон ТПВ""";33645903;29.01.2025;UA26040190000081578;76495;Україна;Івано-Франківська обл;Франківський;Івано-Франківська;Івано-Франківськ;вул.Автоливмашівська;6;null;null;48.890710;24.748759
2552;"КП ""Полігон ТПВ""";3364590;21.01.2025;UA26040190000081578;76492;Україна;Івано-Франківська обл;Франківський;Івано-Франківська;с.Угорники;вул.Тополина ;null;null;null;48.925983;24.770039;собака;null;1;рудий;2-3 роки;довгошерстний;40;21;null;ІСТИНА;"КП ""Полігон ТПВ""";33645903;27.01.2025;UA26040190000081578;76492;Україна;Івано-Франківська обл;Франківський;Івано-Франківська;с.Угорники;вул.Тополина ;null;null;null;48.925983;24.770039
2553;"КП ""Полігон ТПВ""";3364590;21.01.2025;UA26040190000081578;76495;Україна;Івано-Франківська обл;Франківський;Івано-Франківська;с.Хриплин;дачі;null;null;null;48.874734;24.754304;собака;null;2;чорна;1 рік;короткошерстна;35;16;null;ІСТИНА;"КП ""Полігон ТПВ""";33645903;28.01.2025;UA26040190000081578;76495;Україна;Івано-Франківська обл;Франківський;Івано-Франківська;с.Хриплин;дачі;null;null;null;48.874734;24.754304
2557;"КП ""Полігон ТПВ""";3364590;24.01.2025;UA26040190000081578;76000;Україна;Івано-Франківська обл;Франківський;Івано-Франківська;Івано-Франківськ;вул. Федьковича;null;null;null;48.942564;24.693325;собака;null;1;трьохколірний;2-3 роки;довгошерстний;70;40;null;ІСТИНА;"КП ""Полігон ТПВ""";33645903;27.01.2025;UA26040190000081578;76000;Україна;Івано-Франківська обл;Франківський;Івано-Франківська;Івано-Франківськ;вул. Федьковича;null;null;null;48.942564;24.693325
2560;"КП ""Полігон ТПВ""";3364590;03.02.2025;UA26040190000081578;76018;Україна;Івано-Франківська обл;Франківський;Івано-Франківська;Івано-Франківськ;вул. Мазепи;міське озеро;null;null;48.914089;24.694866;собака;null;2;чорна;2-3 роки;короткошерстна;60;46;null;ІСТИНА;"КП ""Полігон ТПВ""";33645903;07.02.2025;UA26040190000081578;76018;Україна;Івано-Франківська обл;Франківський;Івано-Франківська;Івано-Франківськ;вул. Мазепи;міське озеро;null;null;48.914089;24.694866
2562;"КП ""Полігон ТПВ""";3364590;03.02.2025;UA26040190000081578;76005;Україна;Івано-Франківська обл;Франківський;Івано-Франківська;Івано-Франківськ;вул. Довженка;гаражний кооператив;null;null;48.901382;24.689844;собака;null;2;коричнева      1 рік;1 рік;довгошерстна;40;32;null;ІСТИНА;"КП ""Полігон ТПВ""";33645903;10.02.2025;UA26040190000081578;76005;Україна;Івано-Франківська обл;Франківський;Івано-Франківська;Івано-Франківськ;вул. Довженка;гаражний кооператив;null;null;48.901382;24.689844
2563;"КП ""Полігон ТПВ""";3364590;03.02.2025;UA26040190000081578;76019;Україна;Івано-Франківська обл;Франківський;Івано-Франківська;Івано-Франківськ;вул. В. Ветеранів ;3а;null;null;48.92668;24.71098;собака;null;2;трьохколірна;1 рік;короткошерстна;50;31;null;ІСТИНА;"КП ""Полігон ТПВ""";33645903;07.02.2025;UA26040190000081578;76019;Україна;Івано-Франківська обл;Франківський;Івано-Франківська;Івано-Франківськ;вул. В. Ветеранів ;3а;null;null;48.92668;24.71098
2564;"КП ""Полігон ТПВ""";3364590;04.02.2025;UA26040190000081578;76018;Україна;Івано-Франківська обл;Франківський;Івано-Франківська;Івано-Франківськ;вул. Чорновола;аеропорт;null;null;48.894628;24.687550;собака;null;2;чорна з підпалом;1 рік;короткошерстна;60;42;null;ІСТИНА;"КП ""Полігон ТПВ""";33645903;10.02.2025;UA26040190000081578;76018;Україна;Івано-Франківська обл;Франківський;Івано-Франківська;Івано-Франківськ;вул. Чорновола;аеропорт;null;null;48.894628;24.687550
2565;"КП ""Полігон ТПВ""";3364590;06.02.2025;UA26040190000081578;76005;Україна;Івано-Франківська обл;Франківський;Івано-Франківська;Івано-Франківськ;вул.Довженка;2;null;null;48.90405;24.69402;собака;null;2;чорна з підпалом;2-3 роки;короткошерстна;30;19;null;ІСТИНА;"КП ""Полігон ТПВ""";33645903;12.02.2025;UA26040190000081578;76005;Україна;Івано-Франківська обл;Франківський;Івано-Франківська;Івано-Франківськ;вул.Довженка;2;null;null;48.90405;24.69402
2566;"КП ""Полігон ТПВ""";3364590;10.02.2025;UA26040190000081578;76005;Україна;Івано-Франківська обл;Франківський;Івано-Франківська;Івано-Франківськ;вул.Довженка;22;null;null;48.901382;24.689644;собака;null;1;чорна з підпалом;1 рік;короткошерстна;60;36;null;ІСТИНА;"КП ""Полігон ТПВ""";33645903;2025-13-02;UA26040190000081578;76005;Україна;Івано-Франківська обл;Франківський;Івано-Франківська;Івано-Франківськ;вул.Довженка;22;null;null;48.901382;24.689644
2567;"КП ""Полігон ТПВ""";3364590;12.02.2025;UA26040190000081578;76005;Україна;Івано-Франківська обл;Франківський;Івано-Франківська;Івано-Франківськ;вул.Довженка;23;null;null;48.901031;24.685435;собака;null;1;чорний з білим;2-3 роки;довгошерстинй;40;29;null;ІСТИНА;"КП ""Полігон ТПВ""";33645903;2024-19-02;UA26040190000081578;76005;Україна;Івано-Франківська обл;Франківський;Івано-Франківська;Івано-Франківськ;вул.Довженка;23;null;null;48.901031;24.685435
2568;"КП ""Полігон ТПВ""";3364590;10.02.2025;UA26040190000081578;76010;Україна;Івано-Франківська обл;Франківський;Івано-Франківська;Івано-Франківськ;вул. Сотника Дідича;null;null;null;48.921503;24.708541;собака;null;2;чепрана;1 рік;короткошерстна;50;36;null;ІСТИНА;"КП ""Полігон ТПВ""";33645903;14.02.2025;UA26040190000081578;76010;Україна;Івано-Франківська обл;Франківський;Івано-Франківська;Івано-Франківськ;вул. Сотника Дідича;null;null;null;48.921503;24.708541
2669;"КП ""Полігон ТПВ""";3364590;17.02.2025;UA26040190000081578;76014;Україна;Івано-Франківська обл;Франківський;Івано-Франківська;Івано-Франківськ;вул.Польова;14;null;null;48.89748;24.70787;собака;null;2;біло-чорна;1 рік;короткошерстна;30;12;null;ІСТИНА;"КП ""Полігон ТПВ""";33645903;21.02.2025;UA26040190000081578;76014;Україна;Івано-Франківська обл;Франківський;Івано-Франківська;Івано-Франківськ;вул.Польова;14;null;null;48.89748;24.70787
2670;"КП ""Полігон ТПВ""";3364590;17.02.2025;UA26040190000081578;76014;Україна;Івано-Франківська обл;Франківський;Івано-Франківська;Івано-Франківськ;вул.Польова;14;null;null;48.89748;24.70787;собака;null;2;чорнобіла;1 рік;короткошерстна;30;12;null;ІСТИНА;"КП ""Полігон ТПВ""";33645903;21.02.2025;UA26040190000081578;76014;Україна;Івано-Франківська обл;Франківський;Івано-Франківська;Івано-Франківськ;вул.Польова;14;null;null;48.89748;24.70787
2672;"КП ""Полігон ТПВ""";3364590;20.02.2025;UA26040190000081578;76495;Україна;Івано-Франківська обл;Франківський;Івано-Франківська;Івано-Франківськ;вул.Автоливмашівська;гараж ГДК;null;null;48.87800;24.75365;собака;null;2;чорна;1 рік;короткошерстна;60;48;null;ІСТИНА;"КП ""Полігон ТПВ""";33645903;24.02.2025;UA26040190000081578;76495;Україна;Івано-Франківська обл;Франківський;Івано-Франківська;Івано-Франківськ;вул.Автоливмашівська;гараж ГДК;null;null;48.87800;24.75365
2673;"КП ""Полігон ТПВ""";3364590;20.02.2025;UA26040190000081578;76000;Україна;Івано-Франківська обл;Франківський;Івано-Франківська;;вул. Вовчинецька ;206;null;null;48.944070;24.74574;собака;null;1;рудий;6 рік;довгошерстинй;70;46;null;ІСТИНА;"КП ""Полігон ТПВ""";33645903;24.02.2025;UA26040190000081578;76000;Україна;Івано-Франківська обл;Франківський;Івано-Франківська;;вул. Вовчинецька ;206;null;null;48.944070;24.74574
2675;"КП ""Полігон ТПВ""";3364590;25.02.2025;UA26040190000081578;78410;Україна;Івано-Франківська обл;Франківський;Івано-Франківська;с.Тисменичани;;null;null;null;48.77843;24.66263;собака;null;2;чорна з підпалом;2-3 роки;короткошерстна;40;28;null;ІСТИНА;"КП ""Полігон ТПВ""";33645903;03.03.2025;UA26040190000081578;78410;Україна;Івано-Франківська обл;Франківський;Івано-Франківська;с.Тисменичани;;null;null;null;48.77843;24.66263
2676;"КП ""Полігон ТПВ""";3364590;27.02.2025;UA26040190000081578;76492;Україна;Івано-Франківська обл;Франківський;Івано-Франківська;с. Микитинці;null;null;null;null;48.907674;24.749808;собака;null;2;чорна з підпалом;2-3 роки;довгошерстна;50;28;null;ІСТИНА;"КП ""Полігон ТПВ""";33645903;06.03.2025;UA26040190000081578;76492;Україна;Івано-Франківська обл;Франківський;Івано-Франківська;с. Павлівка;null;null;null;null;48.987130;24.666430
2677;"КП ""Полігон ТПВ""";3364590;28.02.2025;UA26040190000081578;77460;Україна;Івано-Франківська обл;Франківський;Івано-Франківська;с.Черніїв;дачі Діброва;null;null;null;48.844825;24.745312;собака;null;2;руда;2-3 роки;довгошерстна;50;28;null;ІСТИНА;"КП ""Полігон ТПВ""";33645903;05.03.2025;UA26040190000081578;77460;Україна;Івано-Франківська обл;Франківський;Івано-Франківська;с.Черніїв;дачі Діброва;null;null;null;48.844825;24.745312
2574;"КП ""Полігон ТПВ""";3364590;24.02.2025;UA26040190000081578;77457;Україна;Івано-Франківська обл;Франківський;Івано-Франківська;с.Радча;null;null;null;null;null;null;собака;null;1;чорний;6 рік;довгошерстинй;50;24;null;ІСТИНА;"КП ""Полігон ТПВ""";33645903;06.03.2025;UA26040190000081578;76492;Україна;Івано-Франківська обл;Франківський;Івано-Франківська;с. Павлівка;null;null;null;null;48.987130;24.666430
2579;"КП ""Полігон ТПВ""";3364590;04.03.2025;UA26040190000081578;76010;Україна;Івано-Франківська обл;Франківський;Івано-Франківська;Івано-Франківськ;вул. Сотника Дідича;2;null;null;48.925213;24.702048;собака;null;2;руда;1 рік;короткошерстна;50;26;null;ІСТИНА;"КП ""Полігон ТПВ""";33645903;10.03.2025;UA26040190000081578;76010;Україна;Івано-Франківська обл;Франківський;Івано-Франківська;Івано-Франківськ;вул. Сотника Дідича;2;null;null;48.925213;24.702048
2580;"КП ""Полігон ТПВ""";3364590;05.03.2025;UA26040190000081578;76018;Україна;Івано-Франківська обл;Франківський;Івано-Франківська;Івано-Франківськ;вул. Залізнична;автовокзал;null;null;48.91879;24.72562;собака;null;2;світлоруда;2-3 роки;короткошерстна;40;22;null;ІСТИНА;"КП ""Полігон ТПВ""";33645903;10.03.2025;UA26040190000081578;76018;Україна;Івано-Франківська обл;Франківський;Івано-Франківська;Івано-Франківськ;вул. Залізнична;автовокзал;null;null;48.91879;24.72562
2581;"КП ""Полігон ТПВ""";3364590;06.03.2025;UA26040190000081578;76492;Україна;Івано-Франківська обл;Франківський;Івано-Франківська;с.Угорники;null;null;null;null;48.922361;24.764142;собака;null;2;руда;2-3 роки;довгошерстна;30;19;null;ІСТИНА;"КП ""Полігон ТПВ""";33645903;07.03.2025;UA26040190000081578;76492;Україна;Івано-Франківська обл;Франківський;Івано-Франківська;с.Угорники;null;null;null;null;48.922361;24.764142
2584;"КП ""Полігон ТПВ""";3364590;06.03.2025;UA26040190000081578;77421;Україна;Івано-Франківська обл;Франківський;Івано-Франківська;с.Рибне;null;null;null;null;48.955099;24.612465;собака;null;2;чорна;3-6 років;короткошерстна;60;28;null;ІСТИНА;"КП ""Полігон ТПВ""";33645903;06.03.2025;UA26040190000081578;76492;Україна;Івано-Франківська обл;Франківський;Івано-Франківська;с. Павлівка;null;null;null;null;48.987130;24.666430
2585;"КП ""Полігон ТПВ""";3364590;05.03.2025;UA26040190000081578;76494;Україна;Івано-Франківська обл;Франківський;Івано-Франківська;Івано-Франківськ;вул. Юності ;62а;null;null;48.900862;24.757514;собака;null;2;чепрана;2-3 роки;довгошерстна;40;18;null;ІСТИНА;"КП ""Полігон ТПВ""";33645903;10.03.2025;UA26040190000081578;76494;Україна;Івано-Франківська обл;Франківський;Івано-Франківська;Івано-Франківськ;вул. Юності ;62а;null;null;48.900862;24.757514
